x1,x2,x3,x4,x5,x6,y
0.47332456749660684,-1.0,-0.9483886856365799,-1.0,1.0,0.3629411938479491,-4.6239533365302625
-1.0,-1.0,-0.6201702893555603,-0.41313735293983767,-1.0,-1.0,1.4204322246119885
0.8759027774569039,0.07268188554775923,0.15535572534448228,-0.5840908885036536,1.0,-0.5116197970251428,-0.10757284346297435
0.6939242552949585,1.0,0.7005435190102651,0.7856630289725479,0.11379565630514388,-0.10539028241977806,-0.8993165556067778
-1.0,-0.44008615945392615,-0.09165486831128786,-1.0,1.0,1.0,4.553300307242953
1.0,0.0015762251544586547,0.6646811758351416,1.0,0.568603963193974,1.0,-1.1594623758694191
0.5838841517324493,1.0,-0.6628749538628225,-0.29470433237702903,-1.0,-0.5839090094495429,3.585029888568224
-1.0,1.0,-0.946961623643541,0.08410353062106235,-0.3267212307181765,-0.5781341705002099,3.103274519702566
-0.7057673060928273,-0.6029119657316877,-1.0,-0.6296922516908214,-1.0,-1.0,2.5602278423125533
-0.17229655273707903,-0.46211102553281325,-0.2746793671251958,-0.7374709775927204,0.7270543438778325,1.0,2.6611171054056495
0.28890102047946575,-0.4946320129218124,-0.041624136824692126,0.725518377517936,0.20784712341034947,1.0,1.5858790207695088
-1.0,0.5155784704442401,-0.15071041411452857,-0.025310629181622746,0.9534840487318417,0.5511154029218086,3.8563152017460287
0.5013036122144421,0.16769385047982144,1.0,1.0,-0.8906083679073131,-0.7220927593679723,2.726433034208137
-0.08691970578508568,-0.13641395261162859,-1.0,-1.0,-0.6255654452115227,-0.9389572166200699,2.1682202154389354
-0.2845574874188658,-1.0,-0.4832213532214478,-0.10665511446230744,-0.8770481136764198,0.21853623026856467,-1.6122413125442026
-0.41461620096512863,-0.719771135409309,-0.7979667056879955,-1.0,0.010753472282062915,-0.27133591492324605,-1.8505197180744917
-0.9852964792317591,-0.661414465554253,0.5657957162736141,-0.25756955812320764,-0.004115946570805384,-0.7252755591420845,3.2338506810652707
-0.028184575171128934,1.0,-0.018608867824775943,-0.7820660544517941,1.0,0.2345112441227022,1.6195348196270882
-0.22370851147858573,-1.0,-0.4583013906175115,-0.4992244570120883,0.5675958623205862,1.0,1.9938053677727714
-0.06788267565150485,-1.0,0.18150112799522256,-1.0,-0.04652624598074273,0.7804738384197344,-1.586922475007425
0.5050439912852003,-1.0,-1.0,0.2951139994986268,0.6779616171597179,-0.5921901534783613,-2.8368976680085174
-0.050438262808368384,-0.21071369197338996,-1.0,-0.612697562329416,-1.0,-0.5212965990709078,-0.6373729928955929
0.6790947184998902,0.8275055424060371,1.0,1.0,1.0,0.0944834560662815,-6.521538887687763
-0.08621881850610746,-1.0,-0.45062399804726305,-0.5265772740804664,-0.5293493032037778,-1.0,4.0745677654350745
-0.6907695619803078,-0.6594395538682132,-0.6728317976214709,0.11567838988409795,-1.0,0.9040777888746446,2.0966539673482862
0.22247192157819362,-0.8786448190423396,0.13153267395840973,-0.16860226295335096,-0.42241138369628317,1.0,2.297835308473977
0.91788867128618,0.7388440659329358,0.5853404630759951,0.4187065912550727,0.5951771039869472,0.3152813036837794,-1.974057467817942
-1.0,0.9795609288750745,-0.4271631126149759,-0.001170650843923593,-0.03852953368848844,-0.5560630114290919,1.1562757398120918
-0.7340542645738029,-0.2036726931063878,-0.5892774020002404,-1.0,0.26904372576046565,0.4398446971107795,0.28101212712341933
-0.9726624132037052,-0.21761527031358197,-0.5368939616604165,0.31852715904566065,0.3861411098468412,0.6563750178811586,1.0290782896564235
0.5916809349504442,0.48838782861500113,0.12212188742738794,0.47690974174858636,1.0,-0.06127350225574524,-0.6784047452001767
0.7514652060936338,0.84030779480294,-0.5664045951611301,0.529410694321536,-0.6651673650832667,0.12437819073495693,3.096680263393309
-0.2767702500983756,-1.0,-1.0,0.4880573270861398,-1.0,-0.32923542927516847,-4.580370371974754
1.0,0.025816325114433436,0.7568082314126203,0.8670572120668065,0.2802049165973255,-1.0,2.031263087350604
-0.19240494872969027,1.0,0.7021925160448814,0.821463512453984,-1.0,0.6081717692378736,-2.3441788655963967
1.0,0.9137290924940114,1.0,1.0,1.0,-1.0,-6.263098991249726
-0.2620841197782679,1.0,0.2550219209293547,0.86870515434305,0.8560951734750224,-0.7796198417203223,0.1932595071448217
0.37609637390850525,0.24525032492027857,0.1215878200867555,-1.0,-1.0,-0.11720393926173789,3.4611871366036118
0.8160877173839117,-1.0,-0.4567622794589765,-0.3210644817191518,-0.888144291066745,0.11789111722275136,2.6936705301659627
0.3517784924323681,-0.4323630487343919,-1.0,-0.7320112999978651,-0.1484799451713681,-1.0,2.541743201426826
0.4017825985487731,-0.34683435377458677,0.602180536819581,1.0,1.0,-0.11815696883106264,-1.9902571616303286
0.6485440300902754,-0.10751196829170495,0.19770635266677816,0.6042859457726795,-0.21104126904356646,-0.14245804610554047,0.6930388852843461
1.0,1.0,-0.25877679523608,1.0,0.12541509228059577,0.30787341203700336,0.7271553000415396
-1.0,-1.0,0.08621712318784591,-0.029849399564278678,-0.7983960166028996,-1.0,1.8031382179907782
0.4855648829033117,1.0,0.1489674239408576,0.09663552949004672,0.14745616811788706,1.0,3.5107061501591064
0.36980578071729797,-0.5956267951453057,-0.40505861671825005,-1.0,-0.3809263244404497,-1.0,4.992832847292878
-1.0,-0.09340052552491396,-0.6410108509584899,-0.31655492373421135,0.19535038857151021,0.16673264398023813,-0.5882216316512889
-0.09173058670862322,-1.0,-0.815102029658908,-1.0,-0.5020198021415996,0.329172213655052,-1.3755971814798902
0.5539312405077403,1.0,1.0,0.6024189929404351,-0.9834743346236325,-0.6725326550043886,-0.650141964271516
-0.494435442833856,-1.0,-1.0,-1.0,-0.563910721910721,1.0,1.0720452014151893
-0.9739144552138969,-0.03515493464477859,0.24305306145412056,-0.46523166483196043,-1.0,0.47123766631839636,-2.0120097181385335
0.6658615976314405,-0.6281094203588067,-0.9943717735399027,-0.48197232661993566,-1.0,-0.5353525911499026,4.4640098446124545
0.4377888836384656,-0.6461546266702134,-0.15558980782970983,-1.0,1.0,0.5100129859479072,-0.6895630080191025
1.0,-0.21062219484998723,-0.07672989764513516,-0.4628219242552397,0.9832735287297352,0.7352498606455099,-1.5933944942303322
1.0,1.0,0.31766130028684825,0.8740886677262245,0.9211716779690937,0.3374220103033374,-3.907250558552353
-1.0,-0.8312721779555987,-1.0,-0.6077237535624946,0.5574156804172219,-0.3164532028972701,-2.1497948497852235
1.0,1.0,1.0,0.9710535574708931,0.5338120237658225,0.6350554705870795,-8.077442107898593
-0.7914346898718302,1.0,-1.0,-0.8696278719162718,-0.5637368505660334,-0.9102559635521459,2.348773359601981
0.7828882260829045,0.0954143641862518,-0.4250615668089217,0.635937487892188,1.0,0.07128313418157006,-1.943390457793884
0.5297858152165089,-0.11358476308258367,0.1817208335661883,0.19211111060357344,1.0,0.9678911646991153,1.5213927332811887
-0.9082139092635627,-0.5288398759679183,0.3875052601927987,0.12924232959210546,0.20198344860105072,0.5595785255147466,0.5305102758754644
0.6066436236055659,1.0,0.8465923374571285,0.6321173979404784,1.0,-1.0,-2.3577186053720625
1.0,0.42170682389643566,0.06336416073222562,0.7870655375649493,-1.0,-0.12901492746672633,3.258129914531156
0.40680042512354836,-0.7749187192970743,-1.0,-0.025181506344435167,-1.0,-1.0,3.0707614453307164
-0.5497729817457058,-0.9217229539182066,-0.9269941834799189,-1.0,0.35554313640945745,-0.24689277050847216,-4.036074205420874
0.406465156001048,0.32520852339654427,0.2001169107322574,-0.32076278854381657,-0.9016344531364893,-1.0,3.3058582512659638
-0.02564235495320058,-0.30915246776602934,0.11835302313808005,0.19917655784333949,0.6583989362354314,0.10937669294321328,-0.9528272279700505
0.6322260641750279,0.01795091532810189,0.1384514582566314,0.9761630479241428,0.039597415960494375,0.24678433596626265,-0.20358484840106203
-0.09932373828422164,1.0,-0.5161304211095069,-1.0,1.0,0.3938132958652913,5.157830313031349
0.5113125945499619,0.22834956083392366,-1.0,-0.5728002077643151,0.3703776269603166,0.8687186051337493,3.335548831948838
0.41849678375967975,0.9005178196176745,1.0,1.0,1.0,1.0,-5.781894436448261
0.5482938650729062,-0.5138037385816054,-0.45288602109780585,-1.0,-0.3668926258713608,0.9975057130787326,4.0667089509514724
-0.6602230781078948,-0.27294695004880953,-0.9488974046232889,-0.39495795842590004,0.8870117856234783,-0.27300190524223455,-0.03297376589443218
0.7055002131122676,-0.2165147164258222,1.0,0.9424710934630677,1.0,-0.13368914561387546,-3.1958065947247354
-0.6484381032803213,0.2717881795047916,-0.04122658474787144,1.0,-0.500833873690379,-0.2978830709369936,-0.618260945071725
-0.6309913924948828,-1.0,0.02614924289930809,-0.917085462603164,-0.17472243105363588,0.5459150778156954,-2.571541984487333
0.7348732962917671,1.0,1.0,0.41120471403135883,0.8220545687847957,-0.5790385124322933,-3.6486945699131708
0.5567602151895059,0.8689075098559669,-0.22540840158811248,0.8527973712566281,0.5574135827833955,-1.0,1.8560186974485195
0.9877352530176138,-0.21576114178836625,0.18391043762870235,-0.6212324739041432,1.0,0.5846735423873068,-2.7498597554684716
-1.0,-0.7878674526216618,-1.0,-1.0,0.14436630013774462,0.956684061678958,0.015982472814213777
-0.20350412045753313,0.31253080428371766,0.7517775035260856,-0.4809760035196706,-0.2959507415441498,-0.026612995830797237,-0.31623578744497466
-0.5638035332213887,-1.0,-1.0,-0.8493205805641161,1.0,1.0,0.15657478401653058
0.13261039280356202,0.6398298146182935,-0.4514328706276604,1.0,1.0,0.20574121093497233,0.1737057261819473
0.5625146810716408,1.0,1.0,0.17664266490774416,0.054482099152824315,-0.40420715123293216,-3.115311955979288
-0.5410405479554855,-0.35324497928400067,-0.9821844622929371,0.38669139878349945,1.0,0.4240989564584998,1.0669338924716434
-0.0807159198851285,-0.20756820380882868,-0.07023681753166078,0.21741241732928415,0.4563084798350663,1.0,3.3292122808795566
0.9433816598803135,0.42801839038106215,0.1638089052422842,1.0,1.0,1.0,1.3513708441272214
-0.5797070633386172,-1.0,-1.0,-0.7751991101673701,-0.08818477386878606,1.0,0.07757042616335569
-0.6976242165194314,-0.5419033666401882,-0.32838801367348847,-0.8219583823105765,-1.0,-0.8323374838340681,1.5233181970347542
1.0,0.8751836791477086,0.5881864626979787,0.13517130006908262,0.84014660971846,1.0,-0.7170853979108358
-0.624948737577198,-0.7050336711341882,-1.0,0.5474925090540845,0.5884621457119414,0.3962256955652116,0.55779148667253
-1.0,-0.05352223228064856,-1.0,-1.0,0.2933945949562988,0.844922525560722,3.0830635914348896
0.17066422298117237,0.30085328675928746,-0.3174570853997343,0.0050834161460040495,-0.343267507346952,-0.2825382793137112,0.15383413723285078
-1.0,-0.7714381880930745,-1.0,-1.0,0.6707081478325829,0.3952650933225279,-3.8559894006160693
1.0,0.6849834928651003,0.4153944942491088,-0.13564040181093068,0.5846126910101201,0.9069630212294773,0.5269451949029426
-1.0,-0.8625079351392004,-1.0,-1.0,-0.5150928258670333,-1.0,3.584685829366639
-0.22899842363779044,-1.0,-0.25028265209204115,-1.0,-1.0,-0.7213501808381075,6.746409821894251
-1.0,-0.7898109104988473,1.0,0.31520004012141867,0.24533453302223118,1.0,-1.459651178949062
-1.0,-0.14821524337801573,-0.011604566163410768,-0.5221199493499351,0.43431763496970877,0.5862516355764605,0.8084672510337956
-0.231787048425248,1.0,-0.539420530900679,0.1125964339175764,1.0,0.2824530396336282,3.2360373851905204
0.7423953334346313,-1.0,-1.0,-0.7085587030716749,-1.0,-0.2642954262758301,4.617259373905257
-1.0,-0.6065516331803698,-1.0,-1.0,-0.7357340905964809,-0.6080518620054547,-0.7071310763328258
-0.7044692112764586,-0.7656534171245433,0.72536770797101,0.011610954392361095,0.3777375583736764,-0.5944021956825263,2.9517100790516966
-0.6963899078126153,1.0,0.604496707263118,0.13656620834050576,1.0,1.0,2.6915710654777882
0.7960726922991797,-0.09429518024130577,-0.311086172933143,0.364129559569555,-1.0,-1.0,6.440923813091783
1.0,0.8682098992528371,1.0,1.0,-0.07033318905147026,0.3176742201229332,-1.3236656644949303
0.41463777153389425,0.1609998327443336,-1.0,0.4980773789940898,-1.0,-1.0,2.638313046842023
1.0,1.0,-0.5621415202811957,0.23397333773710471,0.10977632790460366,1.0,4.912703422242831
1.0,0.6992199372690031,0.818290837364763,0.568896772322022,-1.0,-0.5660307205961872,5.591537705731234
0.573449053713449,1.0,0.9178654801165448,1.0,-0.38403241871785687,-0.056753925769662095,-1.479356766819396
-0.5347711845174171,1.0,0.14154781211037426,1.0,0.8967294174037804,-0.5817169576611929,0.03870031748863523
1.0,1.0,0.8992750645195026,0.9462513482179336,0.1815610553330588,-0.94923591868473,1.6112267398086524
0.18493610059136867,-1.0,-0.46203098855443997,-1.0,-0.5288995552303781,-1.0,5.4815392647874805
0.01588583039029745,-1.0,-1.0,-0.7204065536595772,0.8696006505822931,0.38958776284427754,-3.920025893023823
-1.0,0.10169546868287827,-0.7231459537631826,0.3610661801177664,-1.0,-0.31946838570920333,-2.8445411615136265
0.028911455995108137,0.705515472495089,-0.6515090333294542,-1.0,-0.3556050460510216,0.8856494028775328,5.9550917244192565
1.0,-0.22177898963166653,-0.11405473581948355,1.0,0.3760086164895091,-0.3955306040050508,0.1547436510038835
1.0,0.5831371928628972,0.3139807336602415,-0.8053431815763454,-1.0,0.09300639884757556,5.063666166885018
0.9045114153658496,1.0,-0.2105858553269298,0.25841459514504456,-1.0,-1.0,7.016498198594352
0.9806655105274716,1.0,0.4693053621806289,1.0,-1.0,-0.5331650039705711,7.042731124352031
1.0,-1.0,-0.5608820765716324,-1.0,0.010807170201013017,-0.760175305882372,4.2197651495869595
0.31481336002512667,0.5188385142869183,0.6247498144174672,0.40096439285290897,-1.0,0.5806306002133125,1.0687964041646194
-1.0,-0.12740245029515185,-0.325424177538328,-0.3124425392214796,0.24971150065296221,-0.4462208621603539,1.3064584744474041
-0.5414282237524488,-1.0,-0.5376889646472544,-1.0,-1.0,-0.4928427362230712,3.2495811595098347
-0.5227038351332174,-0.20507080459867252,-0.027776394333507204,-0.005684189701008924,0.5845409878931295,-1.0,4.064251411009296
-0.4615349727681319,-0.42346592021660523,-0.023959164007703315,-0.7342279548540616,0.5039628844528277,0.09138514218482194,0.8741361865285304
-0.827572276259321,-1.0,-1.0,-0.8350119211957312,1.0,1.0,0.263764026118544
-0.25358520798775697,-0.14883789990834018,-1.0,-0.3704319750012339,-0.18904128868257553,0.21843382318339954,-0.42758487807331963
0.11343016527700894,0.12316307331187937,-0.8188700170275324,1.0,-0.7341082097600082,0.6801318884421718,1.4504814016739824
1.0,0.36889002552877836,0.18162248759316957,0.5462847017293635,-0.5732325049714201,-1.0,6.522693610619197
1.0,1.0,1.0,1.0,-0.36242687063671275,-0.1615850204602088,1.2088907901206452
-0.23060723880937523,-0.3199263475409525,0.3486142451283199,-0.716709063307124,-1.0,-0.8034312981688947,1.849347331969498
-0.874058714290155,-1.0,-0.7283915622639773,-0.08311974672649841,-0.6073061990543823,0.14945620007868732,-3.577031390544094
0.2238976226316273,-1.0,-0.2151086029698619,-0.9745595633058917,-0.5172752356270305,-0.9707145429433801,7.409277933130257
1.0,1.0,-0.3346665135872594,-1.0,0.620912150216434,-0.5436457068542295,-1.041400027589464
-0.7595621085247403,0.4623417381541202,-0.7152855128905389,0.3052405223690699,-0.3123028938285788,-0.859814989511928,1.107740114149149
-0.9230746991280074,-1.0,0.37963432687894094,-0.5493492725274883,0.6192617460338095,1.0,0.581727081317269
-1.0,-0.900860445504694,-0.31617393669758775,-1.0,-0.17944082915801374,0.6172909160811704,-4.387915577708706
-0.13220037173649757,1.0,0.6569579302814899,1.0,1.0,0.5531070322307537,-3.2481408842123347
0.597115526679092,1.0,0.062201759652072974,1.0,0.7796434511439465,-0.8001972264268477,0.6239757194713305
-0.30991196187555753,-0.17918836978831,-0.44700015372875956,-0.4083549948318886,1.0,1.0,4.887887791208834
-0.41857791237897846,0.6191970895607208,1.0,1.0,-0.4758657934482595,-1.0,1.428152356722752
-0.25139258597879766,0.03289981883914295,-0.20838854615573327,-0.1974896600993733,-1.0,0.6605238782369194,1.1124426285536178
-0.6527138625649063,-1.0,-1.0,-0.8288584398450252,-1.0,-0.7957497550419659,2.5186390141949166
1.0,0.4504451278033603,-0.7310961223318053,-0.24161569524730647,-1.0,1.0,9.692420961858343
-1.0,-0.6021266629505124,-0.5620613832698028,-1.0,-1.0,0.7169867762709224,-0.14319982417962857
1.0,1.0,0.44085637621101825,-0.28142456193032217,-0.8325179877376387,0.16733235837082527,1.6529385962340257
0.3213281021938691,-0.20574030248661412,-0.5649925140392311,0.614111686602242,-1.0,-0.11269451237307457,1.2528450349434639
-0.6810769947677662,-0.4055928765695233,-0.9155261133917458,0.5741474938445402,0.4684902052570541,0.1555332652862198,0.3049034845614869
-0.46076190823310315,-1.0,-1.0,-1.0,-1.0,-1.0,4.202952037144653
1.0,1.0,0.6225412987877683,1.0,0.29719518417859947,0.35667456176555534,-3.626337115002533
0.17807481824883187,-0.3356850465199339,1.0,0.3154380046975028,1.0,0.48203905205159964,-3.0693172452781115
0.7370351239105836,1.0,0.07535235843347216,0.45606962546158525,-0.657538974911749,-1.0,6.65925550360576
-0.4030680406767275,-0.9339441876509043,0.5945252573538404,-1.0,-1.0,-1.0,8.75156024749418
-0.6122119101476543,-1.0,-0.7938602651042499,0.2702334265094569,0.1948377249554134,-0.056560695279854245,-2.483893947579869
0.19217799324307216,-1.0,-1.0,0.8153337726185999,-1.0,-0.3662924347748857,-1.7094581957980943
-0.2616682047762029,-0.5234505233335622,-0.3449779692648778,-0.9345169168959777,1.0,-0.03256759125979408,1.7564304705351463
0.022707342656282492,1.0,1.0,1.0,-0.11182294862009123,0.22218860541889274,-4.765465028270199
0.7107036304219017,1.0,-1.0,-0.3180611475536278,-0.12682962275063187,-1.0,2.9519062490855394
-0.4995854416643048,0.38393481450691325,0.5572988607205678,1.0,1.0,0.023843996558494118,1.444307406295107
-0.30487458445614135,-0.32733559825505065,-0.9739301755251256,-0.9030391739361391,1.0,0.8045412205198035,3.295764930934953
1.0,0.32350057366106477,0.3041651993960133,1.0,-0.2999915352777299,-0.8755809434242287,6.56242342649151
-1.0,-0.9768414515538238,-1.0,-0.8237805750860433,-1.0,-0.6090738398969942,0.1201942513206205
-0.15341083291828245,-1.0,-1.0,-1.0,1.0,-0.10766637114857433,-5.452034569930114
-0.812188567805944,-0.7620456786594528,1.0,0.7004564741143132,-0.454604608406819,1.0,-2.8117134425008627
-0.30146196313046636,-1.0,-1.0,-0.652817070693033,0.511016658817244,0.36393292762504253,-3.9334524205651085
-1.0,-1.0,-0.19053117783419216,-1.0,1.0,1.0,1.6331429364610341
0.5500459078754449,1.0,1.0,1.0,-0.3812122321928164,-0.546600038771891,-0.2895021668190424
-1.0,-1.0,-0.19081831614579214,-1.0,0.4695953857463067,0.23696922256650632,-2.1975824926832614
-1.0,0.7489129460288833,1.0,1.0,0.26064281381264287,1.0,-6.644368977411176
-1.0,-1.0,-1.0,-1.0,1.0,-0.27637622432315795,-7.117380239531174
-1.0,-0.6299878301675954,-1.0,-1.0,0.5282559901318946,0.8117002206805347,-0.4532249934468523
-0.65033807998771,-0.09345297557657001,0.4748975912441986,-1.0,0.1110439820287703,1.0,0.9139080793664844
-1.0,-1.0,-1.0,-0.6967373472163929,-1.0,0.5035013555160721,-4.571189715047443
-0.5141115620529781,-0.8234382246468224,-0.7971002590048097,-0.06501743436995056,0.8319558383940808,-0.3642188557479449,-1.0929670284265554
-0.7632893068793261,0.29324445279465783,0.4134987832626265,0.3895179745550229,1.0,-1.0,3.80485131270156
-0.05454626036168242,0.6100244371508654,0.8603142797991206,1.0,-0.03238829597003856,-0.5571189847323512,-0.2513116684778743
0.8887157502378857,0.7654750297576037,0.27808216994056606,1.0,-0.04328790805486871,-1.0,6.229715711264936
0.2941240712456734,-0.7985657641675552,-0.7120082623870753,-0.14115097594600234,-0.057326082860698194,0.9456877781022016,2.3957135679401
1.0,0.9440220208600423,0.6376782430412428,0.8561199566848736,1.0,0.3451475623019268,-4.393487512791948
1.0,0.3124858303322793,1.0,1.0,-0.31689735817532705,0.7454566695617002,-1.827671141061796
-0.3517559860074657,0.16228599946737984,0.2772114611599821,-0.02441357014736889,0.00958857622352749,0.02510533663037129,-0.15618706945247493
-0.6080219789174324,-0.5957210280917746,0.1449074535180452,-1.0,0.6189256945580225,-1.0,6.302275921036598
-0.8858330234408723,-0.2330683939356052,0.7563778738873334,0.6249313253549919,1.0,0.5856979254826586,-0.30971987251395394
0.08218292326398757,0.10264550796132915,1.0,0.11684471132772845,-0.4263302247928082,-0.8198784587232942,0.861602778840453
1.0,0.7173892613460623,0.9351760755597812,1.0,0.804598571015395,1.0,-6.84297944547062
0.18602770790898815,0.5132125140159114,-0.625746813027323,-0.37592213512644923,-0.21199126550280445,-1.0,1.12488706155335
0.17599769048167918,0.44416200388079446,0.09279768457311863,0.17409888027088954,0.21806701886051427,0.5724271651005541,0.17901253088526747
0.914990543643327,0.4515898432268022,1.0,0.6624344211810903,-1.0,0.43061159451957043,2.197747323183858
1.0,1.0,0.4391571186991561,1.0,-0.35873407409117875,-0.5551745858395194,3.594704196981508
1.0,1.0,0.6122214996767223,0.2293136669942567,-0.509754855026539,-0.33899424311286663,-0.4918771125776631
0.7155987120397511,0.14182863593272632,0.35024785572007056,1.0,-0.36965454003832915,-0.5709767217140576,2.6532267522275044
-0.9598719014943637,-0.709322287251575,0.014533500691174678,0.5235784139571787,-0.41252289570202366,0.14021806835724893,-1.1583126844596061
0.9854964170738794,0.711885075097383,1.0,0.8244409223183405,0.130951631768902,-0.7933421515835222,0.9641583759278259
0.2862219751829663,0.8039430537604646,-1.0,-0.0593728805912197,0.20529582737031493,1.0,8.576192375345993
0.4569135220835852,1.0,1.0,-0.026535121914500914,-0.3453032090462271,0.9460057949101282,-2.2134707279619352
0.1852750894180919,0.3220255376262273,0.8321890553697224,0.5618598512606143,-0.6691727401584737,-1.0,2.6230909716672155
1.0,1.0,1.0,1.0,-0.5584552666978913,0.25018359095840403,0.6394382843681873
1.0,0.7576934386110843,1.0,0.7928153923154388,-0.05520699203885948,1.0,-3.150403095660542
-0.6389776747441943,-1.0,-0.03224934866893614,-0.11262186568450747,0.023375260594578395,-1.0,4.007906336014962
0.2771460168060065,0.2572894723855841,0.5143381389103638,1.0,0.031005477030961903,-0.18411071800592627,0.13635885226402922
1.0,0.25799874537381606,0.36982330206403435,0.6318429533006864,0.38569538455417557,-0.306013590057926,0.30231876578954486
0.07630525055729453,0.4268121689498723,0.20394391298186543,1.0,0.5164903688317117,-1.0,2.712908551159911
0.27644734204580235,0.2840626210476899,0.4305201236148782,-0.11271950368406175,-0.6235915989256354,0.36157344213860054,0.49298356881880595
-0.11726968562813278,-0.8023291218191348,-0.1064036841307261,-1.0,-0.8768061326674012,-0.8199106571903741,5.374337663600061
-1.0,-0.608410483094699,-0.4641213569775509,0.40901593966677313,-0.9050370701881263,-1.0,0.09838617772535757
0.559331591767121,-0.7360248971306993,0.1363843117584797,-0.044435249781191344,0.8443349559677532,-0.39114332181080314,-0.3796747696914908
-0.9444478117038797,-0.9200259538915865,-0.326633456760713,-1.0,1.0,1.0,2.0316873475726327
0.9125723941099708,0.7713949811875905,0.5684122486710645,0.8986329990631856,1.0,1.0,-2.5875894208196044
0.16650337916268587,0.500128288464661,-1.0,1.0,0.8932956986974079,1.0,5.124545651265627
0.719182431575932,-0.6382935899780962,0.11154167851159469,-0.10952662632930021,0.028524785367738306,0.299326814000606,-0.43264325557336347
-0.7072137640129235,0.3971084826483636,-0.4731527557069122,0.44722379113082467,0.452647533069794,-0.2658751866229728,0.32332471452155853
0.07487488272816223,1.0,1.0,0.9643732111887178,0.6630783608207477,1.0,-5.770814139438031
0.780525839341462,1.0,1.0,0.43087912186819577,0.8999196301912681,-0.5974130098175192,-4.997812069114517
-1.0,-1.0,0.05331365071295166,0.5117781098085701,-1.0,0.2942886240299726,-0.602113052662865
-0.8149588835217048,-0.7617072156491658,-1.0,-0.3312974681688994,-1.0,-0.5908193535275629,-3.1423973365004727
0.548545550333948,-0.2842822443011246,0.7184280156384446,-1.0,-0.45921289630901524,-1.0,4.998898304694308
-0.4247389652773378,-0.07354341196215908,-0.35557536116993693,-1.0,-1.0,-0.8325920584818214,1.2349461612054464
-0.7237552677085313,-0.08393469948557197,1.0,-0.21140197581416814,-0.12523131782820807,-0.009198973176946151,0.15439193977706117
-0.8546791357742097,-0.01955846712576559,0.7528300164817354,-0.5265345680090451,-0.05638065061202435,0.20255009061278534,-1.525388052651465
0.48145536232072006,0.3709088074778154,0.7235825585094626,1.0,0.4480557110994555,0.3372351760470389,-1.6835430191723473
0.5586102451571467,-0.4317115491502075,-0.08352363056816259,0.5729750261994434,-1.0,-0.5756740673624959,2.7697319708034436
0.9608119114254907,0.052176368847095755,-0.09225188048664938,-0.3718070103677189,-1.0,-0.8415080107806152,5.612091244829064
-1.0,-1.0,-0.8299107914693734,-0.7908698272127954,-1.0,-0.05550997139861824,-2.291623028202431
1.0,1.0,0.7538968196712768,1.0,0.153825035890023,-0.3145620259621559,-1.0211346611813588
0.8210408652539967,0.815077291673058,0.9882298478298075,1.0,0.7800306746059902,1.0,-6.535753805141129
1.0,0.38421655096292806,-0.08572529282287589,0.7589023408831154,1.0,0.16055958435290707,-2.146362874892733
0.10378544696944192,-0.2606982962794149,-0.8935067591371468,0.35408630215690334,1.0,0.41084819727685784,0.7647391251466678
-1.0,-1.0,-1.0,-0.4474890058526715,1.0,0.32811904221795707,-5.198887956199768
-0.6122247674151303,0.24198223277981878,-0.960370435369268,-0.6553805758188728,-1.0,-0.5287697236620805,-2.2894339599292475
-0.007462997146816475,-0.794409577859468,-0.6672261434126103,-0.01712225351704688,-1.0,-0.34541101628715776,-0.4716745251840442
-0.022868294904849873,1.0,-0.42111914722168087,-0.28630781680661904,-1.0,-0.8496018161038938,0.11585015682601366
-0.6928041009812358,0.5145904514259882,-1.0,0.7791575992543105,-1.0,0.32443058810103087,-1.6551192922147626
-1.0,-1.0,-0.4667706487908001,-0.7579827468451207,0.6048298145610139,0.691697927075291,-1.864835227462481
-1.0,-0.35899062555480554,-0.8138429105947538,-1.0,1.0,1.0,6.93010862118953
-0.23234943539440311,-0.03702671728708684,-0.6668357751038487,0.5838786829178989,0.2881731549771742,-0.1689408106968756,-0.7664517507990551
-0.11257592587201137,-1.0,0.5326377589033746,-0.2624744231196834,-0.37326309881105557,-0.8376005038410202,4.502789352827977
-0.1788088461893782,-0.9751194369085638,0.5466103408158747,-0.6224398608736774,-0.8716609356638503,-1.0,7.081336398209251
1.0,1.0,1.0,0.23618379028978892,-0.5708176046756845,-1.0,3.22915294599544
-0.6079357824619072,-1.0,0.25182404569189343,-0.39138045767123586,-0.36081759894595034,-0.9865845600152843,5.341378719499347
1.0,0.6096536783151802,0.02545509650952349,1.0,-0.6297797171573811,-1.0,8.183964183817022
-0.11734704021360431,0.3530123189130061,-0.5564326871903154,-1.0,-1.0,0.04959497677189706,1.4533371832895794
-0.6620295626657917,1.0,-1.0,-1.0,-1.0,0.4951674392398122,6.398736943140851
-1.0,-0.983062592015514,-0.48342387126863695,-0.8080176645635011,0.08346195046398588,0.364403800166159,-2.8694675110372514
-1.0,-0.8156218214704258,0.591252803963407,0.9366296600999877,0.05462004156404514,-0.3878107636791178,0.4236306738190422
-0.37193640957157603,0.17274909818814588,1.0,1.0,0.5836600676665468,0.8044004470290572,-1.8020792868209177
1.0,1.0,1.0,0.10745546774412196,-0.5104853115024669,1.0,-0.07043406624733362
0.019736559899246275,-0.005054615557352982,1.0,-0.7260438586482534,-0.342747490717765,-0.6444967188853912,1.478844819649844
-0.14159866483711148,0.315864586457652,0.1887876569873791,-0.7479350245377281,0.3277534179819044,1.0,3.7420398047722045
-1.0,-1.0,-1.0,-0.1966823035161005,-0.10329839219352811,-0.6365444581400039,-1.5306822452575233
0.7584260292566543,0.9119856533159285,1.0,1.0,-0.7947395511974286,0.16792895307355316,0.7787625312426993
-1.0,-1.0,0.12326174965485359,-0.29893717511364404,-0.07806563861883298,-1.0,4.604096989786035
1.0,1.0,1.0,0.21710525483785847,-0.8317045691936933,-0.4715686472049616,2.5915815932290265
1.0,1.0,-0.4523613986986399,-0.268893344170418,0.2959902524404904,0.8988344266466438,4.398261614534007
1.0,0.1133467730534865,1.0,0.7204655028993014,-0.3670066728886363,0.8818700763942345,-0.6175505914945061
1.0,0.6209593285107012,0.5435031068692238,-0.8111573994985727,-0.6034079700664685,-1.0,5.494590155220914
-0.10842420635159344,-0.6042734047463629,0.8675306495585818,0.8390289239381867,0.8216579810795772,1.0,0.9317526864221328
-1.0,-0.803698802240421,-1.0,-0.7124421040452545,-1.0,-1.0,3.002695945997423
0.4297925610916429,0.3117579679549003,1.0,1.0,0.05885718946808183,1.0,-2.4267704310773492
0.48160815207076735,0.5670760820568825,0.3490196791766397,1.0,-0.15965909261869882,-0.7521474265016145,2.1939173799310456
-0.9587232537768666,-0.02983022258463086,-0.14639242517776774,0.7790839066621539,-0.6718614578196853,-0.6956240323853911,-1.693356446909199
-0.673533854741147,-0.7427878463427601,-0.5496054354756761,-1.0,-0.13376638578965117,0.5266809507147773,-2.391215529056936
0.9449271077936182,0.7677485916692692,1.0,1.0,-1.0,0.3185151128204083,3.299320499497675
-0.07472835305594638,-0.5364804475088225,-0.7844647172981036,-1.0,1.0,0.8072012713239083,2.5408912066045777
0.27808558507683556,-0.0941766853771272,-1.0,-0.3438084084466406,-0.9691445057052522,0.14067483192089503,-0.2341360739400905
-1.0,-0.23104248564074137,-0.9665777491722191,-1.0,0.8636568881601427,1.0,6.328354800196281
-1.0,-1.0,-1.0,-1.0,0.9671203390392158,0.7935337122134272,-3.948857267617806
-0.006071270158286873,0.40789699444744987,0.35322187810116407,-1.0,-0.17465305643671897,0.3730118864025339,-0.6139180678673983
-0.11673957402003599,0.7525833821209473,-0.6860680735215678,-1.0,-0.46846701303888033,-0.42535169613309176,-0.07123797012304661
-0.15629507110535668,0.5400243221980812,-0.019306054540083495,0.10215520655572324,-0.09679193537806866,0.29568315428271924,0.10466561833674501
-0.17923530211760424,0.4629161414408343,-1.0,-1.0,-1.0,-0.0164122492277623,-1.2151843469585077
0.27639247923841603,0.7760382973431401,1.0,1.0,1.0,0.4855713123465495,-5.855720993875562
-0.6484542642591967,-0.975877420924284,-0.32333068492491757,-0.45644984829385393,0.8871588386587164,0.636593878541806,0.5547296687522646
-0.5509188983657773,0.1944211938108107,0.3076112086554267,-0.11471858346239372,0.4970426017387764,-0.7292551784449535,1.7684821155156478
0.553378093651262,0.3953160785603227,0.40649850191092846,1.0,-0.689529027476836,-0.976179727561532,5.235407216333569
-1.0,-0.6505726155754796,-0.29006794576255224,-0.28990564975359284,-0.9054990389063887,-0.3607692290745418,-2.0359380407665744
-0.9508491818361162,-0.863873464755284,0.5957138414027977,-0.18494901155968535,1.0,0.32408247529344125,1.8083099081491842
-1.0,-1.0,-1.0,-1.0,0.859567092885948,0.5339792415827058,-6.040974370694479
-1.0,0.24048348130551989,-0.6595879238589926,-0.9304309394430006,1.0,1.0,8.756177369634031
-0.9879056048520576,-1.0,0.2809274759297535,0.13724746705940533,0.12113857188442798,-0.8475041978196203,3.312878844752027
1.0,0.8871541468513193,0.47332989447631046,0.679553942900783,-0.4664489864820398,-0.969353646209685,6.554505268103109
0.4981987533573068,1.0,1.0,0.7046767756527714,-0.13655549676148823,0.7458369070740053,-2.805336829642939
-0.4263064889094794,0.7882213459186813,1.0,0.8686539063458476,-0.8073271889440019,-0.18627958918187026,-1.3513810314775832
1.0,0.1418997286208029,0.2955197207946405,1.0,-1.0,-0.4505472159729694,3.9286791563299244
0.7576078878543029,0.5461977285171924,0.2721626788181819,0.6476437501097883,-0.30344947810825706,0.3315787653605009,0.7608563750632423
-1.0,-0.7635360769565791,0.29925029422936034,-0.017150947901221292,0.2074425171135363,0.6325928868013645,-0.3456689295288889
0.801636429212369,0.3951621587915646,0.046160993971370745,0.46881070333991026,-0.18824277879990237,-0.38147732711840543,0.8707136323554501
-0.2713441210705755,1.0,0.06655517244534864,1.0,-0.8010305880231371,0.580859749496066,0.17976929747012876
-0.25245293318329654,-0.6797066729038137,-0.4497928641381838,-0.841450814816145,-0.0838227778902163,-0.5098894025625198,-0.01664099178176892
-0.3875430358145502,0.7320757557404742,-0.047566281282323264,-0.11283462915882214,-0.775773389776854,-0.45995991577183215,-1.1741196725804008
0.19520893906724973,-0.25625481029198727,0.5605157929248594,0.7953956687197437,0.06047626005448581,-1.0,3.159355487909995
-0.4774480677621795,1.0,0.7211927295993443,-0.4512250495806296,-1.0,-0.376792259609119,-3.084328817147083
0.4512299604631922,0.1982253268855858,-0.028007605748450737,1.0,0.7070211643536427,1.0,3.331497935856078
-1.0,-0.3855563011053855,-0.506112687020345,-0.8411910606177825,1.0,1.0,5.370787632594677
-0.19620770410943927,0.005255917394986986,1.0,-0.047509774810225835,0.1422416466609353,0.4525180885855937,-0.29206645785753926
-1.0,-1.0,-0.1343391165811263,-0.6111387709302698,-0.21006029774275392,-1.0,4.129775877867732
1.0,0.8516976210851488,0.5182472837314974,-0.16638941467123358,0.07201870817432054,-1.0,2.6973594301267476
-0.7003333488499113,0.04674916342271508,0.38744060181796264,0.704885995283905,-0.09807164029605059,-0.9150403530655732,1.9759587761772985
1.0,0.5730894286697403,1.0,1.0,0.1659531517712751,-0.8568404376819505,1.4458708053315446
1.0,0.7490804154030686,-0.9595431987868536,-0.40838849824004886,-0.35432630859423475,-1.0,3.9325577132354623
0.1665239034873301,0.956443786491313,0.9863833016897248,0.5935582389273062,-1.0,-1.0,0.6649995934275934
0.9543730443254728,1.0,0.5401806028570557,0.5231662540694252,-1.0,-0.17903946787853964,3.6818018303782654
-0.37256139887627815,-0.8324434923198714,-1.0,-0.8952221493735779,-0.2987993592013983,1.0,3.4946772113932365
0.4034633251396964,0.8336655564340851,0.8330529552678922,-0.19885653116006308,-0.5237748178402633,-1.0,0.883580280506035
-0.35331305432241955,-0.706870253804291,-0.63990853907177,0.7236009714755447,-0.3727894912993672,-0.524503308532889,-0.6737492662684387
-0.7265088868638506,1.0,0.3398920690805397,-0.3609216583642549,0.6892557457836002,-0.4487123093694483,-0.2008248533034055
1.0,0.6565511970116481,0.7255510692719462,-0.6814164990528223,0.1137485890566009,0.20347727667745277,-0.7928399336746292
0.214497205243388,0.2040380846813128,1.0,0.13645300050453302,0.22191841878357102,1.0,-0.9824775484142916
-0.4820979819247511,0.8576198407302813,0.9300707013068591,-0.4877236219846181,0.15877503156201578,1.0,-0.5685615891217051
-0.26974553149413794,-0.6037543857329777,0.3352561183363003,-0.37433619338208485,0.34194589102372486,0.043429399263532176,0.134977005036351
-1.0,0.8631445358343262,-1.0,-1.0,-0.5416856488129933,0.2942223559687769,1.8552527904253158
-1.0,0.19250132195896252,-0.8889979315722774,-0.016589177624943663,-0.23993951308425748,-0.05035255385567772,-0.6414255346979472
0.8983041702954968,-1.0,-0.957680094248927,-0.7346219744421525,-1.0,-1.0,9.6057159613496
0.8341440486287637,1.0,0.37614147697783573,1.0,0.32747166148284235,1.0,0.01878910862889288
1.0,0.500462407016305,0.0014573624084399661,0.29376857042106386,-0.458171447594047,0.030360643132732228,0.804267878154818
1.0,1.0,0.688421218036849,1.0,-0.6018300846368279,-1.0,7.762818357625184
-0.8409411112861072,-1.0,0.8482772614679526,-0.9296885069117516,-0.4796647275808685,-0.9269083923395601,5.985542456825612
1.0,-0.19261949994383823,0.16731419599026345,0.7391702097378285,0.7935601876090992,0.20929322397519304,-2.7948029990740246
-0.36601336914112936,-1.0,0.13287153320850675,-1.0,-1.0,-0.31983766511295153,5.533746169882614
0.31447818467722555,0.1491091376390803,0.4228675680254168,1.0,0.3487365074294386,-0.39939047834120667,-0.019090633120265155
0.44548936436420405,0.6158440548900532,-1.0,-1.0,-0.4335026073029322,0.585074306604112,3.528685889418907
-0.2271082575491178,1.0,1.0,0.028021998192068798,0.8977073032897478,0.5169401290108875,-1.623955984075836
-1.0,-1.0,-0.11740011103137889,-1.0,0.9041373015844788,1.0,1.3674924084949853
-1.0,-0.11008915527144869,-0.7118164628729524,-0.5956134361999202,0.6391075124537239,-0.7830391995307228,4.478230761536595
-0.25825122145321333,-1.0,-0.21454377488179133,-1.0,0.6111144294499983,0.3227599451631833,-1.7917529209044702
-0.15548129844738323,-1.0,0.5564648872838148,0.4016676751967701,-0.6933900027431641,-0.3870053187730204,2.3489855906074872
-1.0,-1.0,-0.6381300650631354,-1.0,-0.7124813814000408,-0.04460039852324449,-2.1182542070170505
-1.0,-1.0,-1.0,-0.7272482598094905,0.546727785833002,-0.512496891105527,-4.258285068945561
-0.09247747560800956,-0.8357859788603055,-1.0,-1.0,0.006672305234645126,1.0,1.0597631248012012
-1.0,-0.834719484666314,-0.26626278126982783,-0.8949229866512314,0.20092852311205422,-0.20456533221889905,-0.929947991800382
0.07742887624249428,0.45338634000112293,-1.0,-0.8620753958609811,-0.690482360910525,-0.27899571361342645,-1.6609963861960126
0.15211915752227778,0.7472381010171092,0.8208237855752762,1.0,0.7469955776590036,-0.4204142877649679,-2.67790796964199
0.695102719215366,-0.23522789048309023,0.15872568415940747,1.0,1.0,0.7490677473883809,0.2498249699680561
0.4787163573895849,0.13266437302323475,-0.10538388938211371,1.0,-0.24071108857100332,-1.0,3.349297338168542
0.42520173915070836,-1.0,-0.6723858235208335,-1.0,-0.46841452955091745,1.0,3.159959496195851
-1.0,-1.0,-1.0,-0.3806279982240992,0.4013481723429615,0.6484180633586838,-2.450467952606097
0.9113332218776911,0.9641744074295728,1.0,1.0,0.04815406220026075,0.6501931930583338,-3.6752488433053134
-0.5725171915562486,-0.6334529029393368,-0.7093673523139388,-0.0905361647805376,0.4625156795559939,1.0,4.876591955723042
0.7072784729550605,1.0,0.3266911098111163,1.0,-0.03703235345207012,0.1753432080312317,0.044585257533255096
1.0,0.2684455425262364,0.5312291123134983,1.0,0.5766762444971789,0.6770402137727538,-1.8865827074743904
-0.6095864198849408,0.9189962118789643,0.6733449016253075,0.6553653446995253,1.0,-0.42333468980202754,0.32110038836193044
0.25840659494029883,0.1922586917830793,-0.6055680181388323,0.515277198931225,-1.0,-1.0,1.6899347235611888
-1.0,-0.3641246092653547,0.38369791855517055,-0.2676698969847282,-0.9699024764602213,-0.9116738340711412,-1.5693125117554376
0.2430947502349139,-0.52598418021939,-0.5296265489132002,-0.4947801492846044,-0.07235937501539791,0.07039578654192563,-0.4854871012693093
-1.0,-0.866607975692991,0.39898094236924697,0.8554326337441158,-0.10595567466575384,0.43140121410684007,-0.5787933585077993
-1.0,-0.3040730114950345,0.48370865319335593,0.7705959784052113,0.8496968258448083,-0.1635932605215894,1.852299922928683
-0.8358346335163693,-1.0,0.3248299870493778,0.9051865027255185,0.9465990772178968,-1.0,3.8773873225306583
1.0,1.0,1.0,1.0,0.2789389203900786,0.6213405075540558,-6.220463820889943
-0.39737994718909064,1.0,0.45311690509039404,0.2636474736732418,-0.3915860198243297,0.28884123563145725,-1.3397045060289483
-0.07861175484664018,0.6181453591088872,-0.5039706901288651,0.14526361007063116,0.3517365191982773,1.0,5.548324721087764
0.8451071393828343,0.7644268778141481,-0.5857539936537376,-0.28514112000427577,-0.337776360681258,0.5337481177372272,2.5022171492067398
0.6581451685034232,-0.30861225455145974,0.09906371337984932,0.7366494499918463,0.7092518895708186,0.496095403848427,-0.4912312810277662
-0.6386928754410678,0.18131920011439617,-0.6009113130400732,-0.819272302026486,-0.21947563706648143,0.7969841552985245,1.7378787636123598
1.0,0.5709127476036546,0.3564670111220358,1.0,0.7347689106000997,0.0010470108668905187,-2.313659663980659
0.4245452594600314,0.6516621151036333,0.07566522271913512,0.17205198933617488,0.22508404616409305,0.3408601244746286,-0.3453845514841444
1.0,0.48689588325499744,0.07952629901817537,0.3139231668127898,-0.44211925729190305,-0.3271832727241475,1.5958597581675593
1.0,-0.015521061437514139,-0.9117258377452304,0.5275497215897692,0.30271364982598215,1.0,2.825841434130034
0.0033753752984300167,1.0,1.0,0.8656538619503595,-1.0,0.2949290911243798,-3.4317180523113255
-0.1327447779507417,-0.3920947762143417,0.9499548305229033,0.23619438861056516,-0.31571955306039334,-1.0,2.680140017584617
0.029566059597123884,0.8915134137107203,0.04050727657113756,1.0,0.09789660229934194,0.7071678498233238,0.19211032409197532
0.42079776964533067,0.47489261702616914,0.1164874931242994,-0.044480668840883086,1.0,1.0,3.935250225329921
0.2529610080513891,0.6378503081504971,0.48632078664866296,0.6280756279543055,1.0,0.7968125201475154,0.4880920464073357
0.47774574882923226,-0.4242217986962975,1.0,-0.6914485066639304,-0.9978238731379279,0.388304283885177,0.5240402792082766
0.47326353020128553,1.0,1.0,1.0,0.891733055444238,-0.3212915688233515,-4.546361871938057
-1.0,-0.4173351666065253,-0.4661809847024563,-0.13540580002443936,0.12487868121878026,-0.04011466853130097,0.14165726953239044
1.0,1.0,1.0,-0.18797865607435602,-0.30053017954176786,-1.0,0.8978875348838222
1.0,0.3432114991329809,0.8184471132802968,1.0,-1.0,-0.4932235425842699,6.184005301137109
1.0,0.10128245114143386,1.0,0.7626039061950349,0.3432919863398536,-0.535119858820764,-0.2940355382131529
-0.506689820394427,-0.1206825595328559,-0.17144498946666142,-0.8455807580316865,-0.46375007596751017,-0.22497409501658427,-0.7201538544683697
1.0,0.4332603906932426,1.0,0.4792181558791138,-0.9227850033487052,-0.9804520670771582,7.36892341642977
-0.6440014817224957,-0.21627917970933286,0.4321686263653244,0.24920207682110618,-0.7828055341747708,0.18787015731609225,-0.558652558458419
0.09285568611169115,0.625719357608671,0.9259717573148759,0.10671941978888691,-0.5210324476497892,0.6598864586302514,-0.08108265761215705
-0.10523708087225148,-0.14803961633818785,-1.0,0.7532977907650164,-0.27553325908881976,-0.08437284128025818,-1.2745362946947294
0.7479442584791909,1.0,0.23045302238082935,1.0,-1.0,-0.6145135049106536,6.129589498046884
-0.3329827884574772,-0.19403569442563806,0.3364785443866113,-0.5867345740823817,1.0,1.0,3.775879598343753
-0.10230993268957078,0.4830297140708215,-0.8641344626581984,0.3636040766099749,1.0,0.6592886336664023,3.360508406632462
-0.20078413246372695,-1.0,-1.0,-1.0,-0.8032130187762688,-1.0,4.047116627405904
-0.4186284014740454,-0.8180278698152541,0.03497553350595298,0.1159075492054003,-1.0,-1.0,2.477595375676329
0.9876368219196909,0.3657454131526717,1.0,-0.6038774445067507,0.22640397283042235,0.3962367879299302,-2.075539462675105
-1.0,-0.29122146317946673,0.7831559502154,0.12225971280253978,1.0,0.8664043403347935,-0.1320871869005224
0.49458925231463297,0.8760277055343828,1.0,-0.3266701040230192,-0.515785796687849,-0.20117936195473313,-1.2353796977645681
0.6000543574481577,-0.7941685336608307,1.0,-0.29069843248817384,-0.7388158715789312,-0.970163543958278,7.215211076921445
-0.6374432409827572,-0.28175611863212835,0.06451400446690872,-0.1286620896692241,-0.558985134253237,-1.0,2.261910257931756
1.0,0.2690224194315081,-0.023958081758698735,-0.4295526949803707,0.054340669159299027,0.26190015554583373,-0.07940551804065112
-0.19462020596061735,0.5517033966741409,-1.0,0.11113900468981072,-1.0,0.4312874348700041,0.5665302757480177
0.40922920463467527,0.030407262080364456,-0.3109702448925158,-0.2251506430168542,0.9766222831732421,0.07728179410947666,-1.1535586692646875
0.8083190055517453,0.28320915560915194,0.3260051011135549,1.0,-1.0,-0.870283776512164,6.777331946517065
0.9384677320904962,1.0,-0.5293377147870505,-0.6223851624221258,-0.8551144305492752,-0.9240583069989747,5.147276650581076
1.0,0.23721019067505744,1.0,0.9806014324275787,0.5151417566565722,-0.7487810972189956,-0.7034697095352278
-0.6334059530845927,-0.5531152313964585,-1.0,-0.6867193502364661,-0.5032403412242045,0.12715539159096284,-1.5674438616755282
-0.34161707834418675,0.4028729556030872,1.0,0.7345157968888425,0.8675381748421223,0.25680454986619594,-0.8535886105267856
-0.7431963345431349,-0.14305548600153478,0.1166024318765787,1.0,1.0,1.0,6.563412974494097
0.9860028213922842,1.0,1.0,0.005264905860467128,0.5930943990885507,1.0,-4.404255714564666
-1.0,1.0,0.6017407993374737,0.4396607490171807,1.0,-0.2735213819985418,0.5823669121851102
-0.6898103050903077,-0.27675527478458095,-0.5057577639893198,-0.2902499313803333,-0.9680599240417779,0.7900651313615048,0.035441718865483335
-0.1700769684422611,-0.5590821373737255,-1.0,-0.20067657192971286,-0.012966139241284716,-1.0,4.494437234919557
-0.7979556557215379,-1.0,-1.0,-1.0,0.34905855779002043,-0.23699799619850073,-6.111292466670667
0.27485588219188317,0.2019970775913228,-0.10120873629562138,1.0,0.8290426167503064,0.7691134504689587,1.2851536378121429
0.14412280666661986,0.9396002963137462,-0.07085152705538365,0.9490080659070776,-0.29954570215056797,1.0,3.287402460566969
0.4295853554457109,-0.060401432275760336,0.6130950806345679,0.9437155102311969,0.6426150743294018,-0.8165450299338892,1.0021634601609837
-1.0,-0.9600542010570301,-0.635657407849276,-0.29586988895797534,-0.1328135693944315,-1.0,2.286450134924834
0.8429233287990199,-0.02318076632081402,-0.7533364668478881,0.6386717053080134,1.0,1.0,1.827411434019813
-0.6530399277734404,-1.0,-1.0,-1.0,1.0,-0.8618922322964013,0.8065797050158815
-1.0,-0.5910166793397429,0.04364001992929545,0.7528824946126551,-1.0,-1.0,0.27454915873278296
-1.0,0.2853877063920687,0.6360783958687175,-0.3560506199494099,0.7339796295173067,0.508639430211132,0.27609596138537196
-0.24433836505358547,0.23987457606439067,-0.25733144642874284,-0.3470344738079846,0.9481378693394047,0.08310331110745323,1.0376451694440174
-0.6944367009274668,-0.14272519616632295,0.41204512627885137,-1.0,-0.13809239928054168,1.0,-0.2585345787721821
1.0,-0.6459515249932412,-0.9086425214364743,1.0,0.2492998083104928,0.23895841243543947,-0.8754027905881344
0.2835724133675553,1.0,0.018343200424146888,1.0,-0.5140788814122641,0.3898844332828305,2.971853683423091
-1.0,-1.0,-1.0,0.07059867421008437,0.15470836925853426,0.1321477215874129,-5.3335107848922245
1.0,0.7745533537652696,0.8207895057475483,0.26879684180469265,-0.7542407551230449,-0.25457688370075626,1.9127952721339208
-0.23082513296353413,-0.7150147177990327,1.0,-0.889306889233409,0.3310058067452518,-1.0,3.820782058661129
0.853378509409795,0.794905375206451,1.0,1.0,1.0,0.5883685250456463,-7.369448549855435
-0.18263867962541858,-0.11745484134717232,-0.17121558805496678,-0.7728796209788955,-1.0,-0.19658928409478418,-0.12109709784925016
0.5388418156637177,1.0,1.0,0.046976021882371155,-0.44304893714936266,-0.6313561777428198,-0.37027156710526976
-0.10333685228856544,0.3335406336677216,-1.0,0.07460812106847353,0.07215353460453361,-0.09696236267969432,0.12102679192648033
-1.0,-1.0,0.4324862410638382,-1.0,0.9232171640071813,0.506237215566125,1.1097394273579941
0.18806049222882382,0.1726782246757499,1.0,1.0,1.0,0.6029277001750952,-3.1785805305312964
-0.34163244106902413,-0.8514196118445103,-0.3026171568666427,-0.7599356873541985,0.23976325965234702,-0.2015354141532351,-0.20608713996571096
-0.9573714345954973,-0.8359680492817589,-0.272118112490825,0.5630268184608656,-0.6430806984595705,0.9371170586916648,-0.39013498823479864
-0.06472271252835005,-1.0,-1.0,-1.0,-0.11353107793121953,-1.0,2.3722364547199515
0.9432694018060588,-0.0033779109009312025,-0.05560163836466392,-0.15706868797997942,0.26189908986605603,-0.36676771671086,-0.6217304856486532
-0.4189435754480546,-0.16409425558207894,0.45630727717187447,-0.30347537977489614,-0.03721500465366606,-0.3141694006756487,0.5274799653636967
0.22923357534893096,-0.11810635164325867,0.09609128854892302,1.0,-0.7844004676520744,-0.810717014147794,2.2521435535916825
0.451605947839829,-0.9654663085769744,-1.0,0.15290517141441312,0.91907366396791,0.15193572709480585,-3.759499872700593
0.46480137731990295,-0.49927354267097224,-0.9742982722123426,1.0,0.35633953185968753,1.0,4.146074170011988
-1.0,-0.7000803304357696,-1.0,-0.270676963034159,0.2240838286460375,-1.0,5.112775889371949
0.08152870147970595,0.4153954677577099,-0.0527539450255296,-0.7568425071541499,1.0,-0.28644231536346426,0.5602406178979678
-0.5815098376796648,-1.0,-0.42325278199451133,-0.5431440211018157,1.0,-0.13115233274184412,0.9687355290023641
0.7540374700078366,-0.7314974063894479,-0.24278384196750138,-0.8710257834312328,0.8362716630396771,0.5478069841998338,-3.1350642577409857
-0.7422251735421408,-0.3050809500046062,-0.5519512352046508,0.4691660218421474,0.06884805677435313,-0.35192367032846356,0.26453409699967056
-0.3638213226766967,-0.3857126283227224,-0.11443814339864788,-0.5685494148977562,-0.8499984612214986,1.0,2.6561905955944938
0.18351453867864792,0.5565109550381926,-0.40654586863592285,0.846692699058032,-0.9743455108646409,0.09778625003935543,1.0648037656690186
-0.24199088403954683,-1.0,-1.0,-1.0,0.31320772554112686,-0.0815080858321782,-5.207160085850468
1.0,-0.5696211367954147,-0.18194116311151504,-0.6158373495268301,0.32971235546664124,1.0,-0.7957354859852994
0.9417867167812808,1.0,0.0769657362409385,0.4452550859955089,-0.4695638889881649,0.09635897432721896,0.06398374585748856
-0.8661327275097606,-0.3045711450938129,0.5812716790537001,-1.0,-1.0,0.2480414614983149,-0.5938231383990111
-0.47825276366767433,-0.4519659226961526,-1.0,-0.8064864026625849,-0.13241626157852293,-0.4782270237065891,0.4350433950175907
-0.8640878775355146,0.24362558946136265,1.0,0.4471936929447413,-0.22396905764487585,-1.0,1.6804655166525295
-1.0,-0.7566137203395353,-0.7641574773572514,-1.0,-0.6166973071229276,1.0,1.6022901458631313
0.4624816434700427,0.8786288090406832,-0.4919838493614423,-0.3214284461513928,0.8344019072720597,0.6915996196182143,3.303872748333313
0.44977367237908394,-0.18388139017305977,0.5637738238288951,1.0,0.47034976823223884,0.2460736832481349,-1.0058190270619332
-0.6246587565046025,1.0,0.5932996822327035,-0.16803090896994125,1.0,1.0,4.311817495861794
-1.0,-1.0,-0.4498954337047507,0.026166208848492814,-0.5133014372111575,-1.0,1.6148731713232838
-1.0,-0.021410929049509697,-0.7071996308575791,-1.0,0.09723976478119245,1.0,3.7500633584311633
1.0,0.8106293379917586,0.9416754288996274,-0.1012548080284722,0.8391275418017008,0.8292399372367765,-4.435313981570777
0.5622783531568621,0.05202146425565801,-1.0,-0.7861038787822539,1.0,0.6096264442570367,-0.9697282176806168
-0.17212531025100047,0.7254952929612821,-1.0,0.259378628439191,0.4049957232418999,0.08819755107742044,1.8023991527415195
1.0,1.0,-0.10673877529156528,1.0,-0.9908129674047059,-0.7251893119503623,8.646361186548127
0.3156659571284024,1.0,-0.34288202588339955,-0.3260409870205443,-0.7276852762863348,-0.8953003323733149,2.0075809720829323
-0.7250904083176848,-0.2588643740938308,-1.0,-0.1764572510238238,1.0,0.5605368758184603,1.3456831025460796
-1.0,-0.484749498864401,-0.10861985659624063,-0.1778949137632897,0.8245898230534447,0.17632134008705402,2.022073090072941
0.31120814128425045,1.0,0.8872598716596972,-0.5934922096055322,-1.0,-0.9688530638090641,-1.3662464854394107
1.0,0.6030495741408561,0.5818287212276028,1.0,-0.30310231329451,0.15998844820058877,0.317716379515461
-1.0,-1.0,-1.0,0.4993289633370336,0.6828109196522907,1.0,4.180612689301895
0.6322397870737981,0.39046682637947494,-0.02078662182758942,-1.0,0.9527437891359443,0.4327084392713431,1.214939845620407
0.2140062841918826,0.6326925537850467,1.0,0.896132433439569,1.0,0.20761530906059256,-2.726948495226421
-1.0,-1.0,0.16941641408139135,0.3510387993319685,0.5859585270427976,0.3451208825415901,0.5375510856949297
-0.7008938735688373,-1.0,-0.4596261526138177,-0.6536274774874595,1.0,0.7186973803791414,0.4364994243403136
0.4446840274604132,0.5657981243486212,0.7454112328010656,0.8252456498818217,0.3265252982540233,0.0123982686025908,-0.6930286536967093
0.11308758227726501,1.0,0.36262816778733575,0.4803431948874155,-1.0,0.9844075466894735,2.7591402913022263
1.0,1.0,0.5579727288070206,1.0,-0.351214506879462,-0.7596065011721439,4.925476738151848
-0.34235789492657487,0.17118820177988425,1.0,0.4165419886389088,0.7704817531855408,1.0,-0.27793497104873427
0.5368542682903099,1.0,1.0,1.0,1.0,1.0,-8.039765901093519
0.6048060640284944,0.5531892869911037,-0.21130666827209843,1.0,0.043023745781769485,0.046285553731527485,-0.0005604658919252381
-1.0,0.2919142446816013,0.9946935121651262,-1.0,1.0,1.0,-0.021417940027121884
1.0,0.49547997455178916,0.43419359490775555,0.7081039127979788,-0.06456570036183676,0.39323100959154367,-0.2538182932103361
1.0,0.4374667808455819,1.0,1.0,0.5056177912748928,-0.6208836742579872,-1.5080978349053513
-0.20918475011024573,-0.8067539977828758,-0.7649798852877028,-0.2971383850956488,0.5490560243039757,1.0,2.3269934867502613
0.0005208046858946602,0.1262364543724298,-0.508206481381823,-0.4402082274096941,1.0,1.0,4.390475276224718
-0.34959670291493783,-0.36676531877907026,0.15982585238424804,-0.5712594877716213,1.0,1.0,3.1520932684284264
0.3647241000441983,-1.0,0.13458937142184674,-1.0,-0.2714548104652771,0.6790167136438154,1.1780428387594375
1.0,1.0,1.0,0.9721354000204641,0.10265306155945036,0.4985410983472958,-3.6313637832680947
0.20241536738140886,0.4741479589336606,0.13160581466191323,1.0,-0.9801972695702573,-0.7422108086918069,3.1034749847379985
0.1995120819583509,0.1898386168458961,1.0,1.0,-0.03321113111283763,0.7029514306247291,-2.4109519928382643
0.48603059264269305,-1.0,0.7865258114311003,-0.010248257534939187,-0.6486151229244097,1.0,2.803378289646624
-0.9412605602511013,-0.5858946517627885,0.08839932831121233,-1.0,-1.0,-0.619120749687883,3.8377802837923856
-0.7194064351531859,0.537655799553632,-0.5934697015137698,0.1566768899925377,-0.0818634938222147,-1.0,2.4859484920891877
1.0,0.8152689957722179,0.23009231061107416,1.0,-0.6588978927278983,-0.9555816614251696,8.633586771455551
-0.6999471679770619,-0.8744899247318628,0.09839439946748492,-0.6126476968107202,-0.5792228768164692,-1.0,3.7334822580196856
-1.0,-0.9398657229022049,-0.4166482504147404,-0.9487010168565214,0.34827292822435707,-0.8806160753562133,3.3965487649394968
-1.0,-0.8092573440798194,-0.07983297968495795,-0.7525413010482196,-0.35608241147078357,-0.7887595872138002,2.331785445922612
0.1707590567976366,-0.4907605422708665,0.5215021862716895,0.6774872682601893,-0.14660137548539331,-1.0,2.2673632959381536
-0.8103416695994191,-0.13005944862006846,-0.43258362062305167,0.3528746254422397,-0.038830050005751626,-0.6965360168715602,0.6624823985616372
0.36556862024243353,1.0,0.7872252302540192,0.8035751928452113,-0.03113222885981415,-0.40001913293495855,-1.9607320341169112
-1.0,-1.0,-0.7166987746261665,-1.0,-0.6570264734642475,-0.5418945587977684,0.22736004877867455
-0.04373998604256302,0.610893186798602,0.48649372466901963,-1.0,-1.0,-0.4540023171615974,1.7891415489567233
-0.17838041325573328,0.1755815907679516,0.8367652024336549,-0.34610068182425446,-0.08477198421474996,0.09530612741026778,-0.10584682664710252
0.126240407506773,0.8607375580554653,-1.0,0.8775510657154229,-1.0,-0.8976239173737446,4.2201288452534245
-0.17993124527157844,-0.9861247209505981,-1.0,-0.3341762739312786,1.0,-0.7664324120045255,-0.956981493588446
-0.6194389783616756,0.21114258797342733,1.0,-0.008774375739047102,0.3661282505746358,-0.742901596090767,1.7851626842110675
-0.8312990958036308,-0.37033760150336587,-0.35313890156890676,0.4957736133306263,1.0,1.0,5.799983583941305
-0.6962678054512261,-1.0,-1.0,-0.6778919518461901,0.5349448892179889,0.9216583009674569,-0.8300431957259288
1.0,0.6898286383333794,1.0,1.0,-1.0,-0.9913200631115382,8.156972790167794
0.04765270673968558,0.24751319272864802,1.0,-0.4080836459047582,-0.25804906991762944,-1.0,1.5832944650428782
0.22855880257652073,-0.4516469884295038,-1.0,-1.0,0.12527932501219607,-1.0,2.7504490667853454
-1.0,0.050798326290909704,-0.27093189116615346,-0.2981628806793205,-1.0,0.04905323185347665,-3.8486081948755397
-1.0,-0.26687483496555653,-1.0,-1.0,0.6382840008062002,0.7904708619496392,2.270590451033274
-1.0,0.7330201433653392,0.4345994218110475,0.1962323269875362,-0.7901113177464989,-0.625791940103227,-1.6063964737490715
0.7913143796295041,-1.0,-1.0,-0.7729436647686407,-1.0,-1.0,8.59859256124924
0.19696988165423607,0.4835049656485745,-0.8477967958645793,-0.7637337374469332,1.0,-0.02205800242512357,0.968308322786921
-1.0,0.04728108935200037,-1.0,-0.1365140023561403,-1.0,-0.9783690626938806,-0.0425153252540067
0.5310952020963299,-0.9846480106091673,1.0,-0.8096217257800697,-1.0,-1.0,11.941965839447809
1.0,1.0,1.0,1.0,-0.012962654991403144,0.45952859522888634,-4.545263033927917
0.9086590796413117,1.0,-0.07430829313550313,-0.5342523997042994,-0.9125161750133592,-0.6698040824088526,3.9402527212812823
0.34501280903159687,-0.7489430775147734,-0.7327112218085292,-0.01448706322779822,0.31390533115054065,1.0,2.052167641210434
0.23916170664751424,0.666332221409826,-1.0,0.09605406060341048,-0.2307333046955497,0.4287548805462854,2.385397804513867
-1.0,-0.21932790086356357,-0.4226354940289443,-1.0,0.19549602195562588,1.0,1.1780120524527167
-0.08661702709243735,1.0,1.0,1.0,-1.0,-0.7743568103446358,0.581394122407669
0.9545333205315828,0.6067459084081943,0.9600142842143451,-0.030404574883141078,-0.36081739848712546,-0.3248281777197459,2.522205651036254
0.07462735948747592,0.5150312714098504,-1.0,0.013503050360767682,-1.0,-0.6612459100896264,-0.6066895224463595
-0.5190380895617714,-0.8067904835918084,0.07937535827750486,-0.8687164827162184,-0.3663685685125288,0.8866525470587883,-0.9045614270213509
1.0,0.5470687606919966,0.6302783161249885,1.0,-0.6065838410574687,-0.5010494670207772,4.173618590046218
-0.5505719117673917,0.6746377477612566,0.546316048148109,-0.7966587796207228,-0.45101727703395306,0.33659041341345,-0.3776784366666593
-0.24714491723591492,0.650458052211583,-0.5269099433603582,0.9331324456516495,-0.7999972680987821,-1.0,2.0948198661394115
-0.33132074049084326,-1.0,-1.0,-0.9870911720706146,-1.0,0.15989287072092384,-0.9519130657865811
0.9970372156434992,1.0,0.6256079483335373,1.0,-0.3324249710529623,0.39685002151494353,0.3284448587146396
1.0,0.3145278539659957,1.0,0.020284891159082163,0.37643046248512413,-0.8147907426391174,0.581579090778555
0.6576950521484277,0.6010910548887358,0.013798480173516259,1.0,-0.3405027807509494,-0.937806585360386,5.021510023269932
-1.0,-1.0,-1.0,-1.0,-0.47372302992690196,-0.2164597818546216,-5.439341781683597
0.5468222749895147,1.0,-0.287947606689423,0.7698654096079419,-1.0,-0.5848739758350452,4.421763285285775
-0.6196251054044795,-0.7361464717412909,-1.0,-1.0,-1.0,-0.43216278521248186,-0.37208908868099244
-1.0,-0.42556792806325616,0.37776386889179425,-0.07570234890844527,0.7124175486401596,0.8465495685064122,1.1937593108319753
0.8689783223924827,0.6465438672598858,1.0,0.627081721944585,-0.04929625486000119,-0.7926809287456642,1.6890451952828212
-1.0,-0.17554479071935136,-0.10393448930119131,-1.0,1.0,0.7018325764691873,4.5118264394028795
-0.28326767506087336,0.2386981430444758,0.2732301546918507,-0.3980000753080078,0.4835799701600128,0.28773649707921545,0.5690741125638744
-0.19665698066872223,-1.0,-0.22750366896485116,0.1984434834395289,0.10041554705904654,0.3554376549838334,-0.24878737224945888
0.462853724962901,-0.148730890891569,-0.09590286299526496,1.0,0.9709482940510515,-0.3627469920228342,-0.8320467866781631
0.5480800544413909,1.0,1.0,1.0,-1.0,-1.0,4.759944023065899
-0.2248092083054769,1.0,-0.13519837978681737,0.31050991459589206,0.28653024526597815,-0.49394728224876305,0.022515460357582673
-1.0,-0.7239597208195141,0.819768110917713,-1.0,0.051449474668704864,0.32405125197591267,-2.7458680924722554
0.30575484235657724,0.8736477903862394,0.06838809775905297,0.3728766092180673,-0.09166340718197583,-0.5657927287190518,0.6924884170778347
0.47947067934921517,0.4104288181717276,1.0,0.03765757766876513,-1.0,-1.0,2.3867341960477706
1.0,1.0,-1.0,0.503491639196648,-0.02415469298162365,-0.28234608828299823,2.3995309042675332
-1.0,-0.04932036111298352,0.12131324655279901,0.4931676012997215,-0.024339921453334357,-1.0,2.4179052149506495
-1.0,-1.0,-0.5291704689881327,-1.0,1.0,-0.919172836202051,5.165709738312263
0.11401736518748659,0.5405682988856908,-0.07190317124333578,0.22480813088921558,0.9740057236201574,-0.03575168254697614,0.3547309996677783
0.47188953777334686,0.5336076179064749,-1.0,-0.21789421239870965,-0.08917871201869457,-1.0,1.5891086616622996
0.15733896164182537,-0.2999063138925737,0.14149646737262622,-0.2406322610229084,-0.8928782376722,-0.2501390829737633,-0.47654775199521837
0.02668914347102791,-0.449082385994107,-0.3550092469009113,0.46731598404067887,-0.8016610795637585,1.0,3.5012750684931757
0.9896063417798463,0.1319233496300729,0.9352631676556531,-0.027100359889794506,-0.0871813667640042,-0.45188208989895084,1.3773220133486137
1.0,-0.099644527219823,-0.19144302092375767,-0.1424312287425613,0.03393440314554608,0.9299335687492813,1.020955012894238
0.5449439595531191,1.0,1.0,0.6882862841484005,0.6072715601958752,0.9642221573610557,-5.9878270671731
-0.4450426607936964,-0.9023186727886354,0.4926719810132416,-0.4150142187867906,-1.0,-1.0,3.5762672923813073
-0.27120948334665307,1.0,0.4654649800675483,0.4044096286488599,1.0,1.0,3.30788612092584
1.0,0.2271617490653528,1.0,0.4737277018273969,0.08480632144684253,-0.5344352350657506,0.09601464810109817
-0.3473812515562141,1.0,0.36708835028258446,0.6100450230298531,-0.1310412617753867,0.4331261648399255,-1.529707234327267
0.8089196924729587,-0.9788734711397364,0.9259549027542957,1.0,-0.5117514001073171,-0.20289793227444675,5.972012660206488
0.5317277679495669,0.067044002411344,0.7358790548518451,-0.21146215796415246,1.0,1.0,-0.7792150375301228
-0.8473782283611194,0.12611721394600472,0.09795872861803484,0.4457481548749214,0.271532268681705,0.8282468762221273,0.9939463466850923
1.0,0.3507056621523852,0.6300780829572117,1.0,0.26635469794160516,0.8030044152602582,-1.5463742126866942
-0.14081210826864554,-1.0,-1.0,-1.0,-0.9435436110937164,1.0,6.607045574269198
0.49386223685179753,-0.10812924024485948,0.3261170321573256,0.9706625761819802,-0.1395288461507782,-0.8166425273203037,2.7467894118442078
-1.0,0.27171533835334616,0.042209789819067645,-1.0,-0.830453204710091,-1.0,-0.4119371918753387
0.6037828174254718,1.0,1.0,0.761270457884913,1.0,0.389489602389159,-6.90950752755665
0.8730533284792552,0.04071931541902141,0.12912252397143464,0.8369627666791211,0.41194614451097356,1.0,2.06646786923993
-0.3608654196432133,-0.2246940303700215,1.0,1.0,0.4781996398945352,-0.11781414116177436,-0.03209039009207937
-0.40313557181041615,-1.0,-1.0,-0.13411674643166427,0.5675059268706257,-1.0,2.0546003781042206
-0.18778106372009196,1.0,1.0,0.20163849224019947,-1.0,-1.0,-2.817477963714345
0.3268166079715398,1.0,-0.3035342120925982,0.47635514755927477,-0.7381242315203163,-0.44032350848013846,2.034684138578216
-1.0,-1.0,-1.0,-1.0,-0.04986189309463929,-0.20451063034245842,-7.01055576427357
0.47989204312520006,0.7346063427170428,0.6398750837867055,0.48037892191278364,1.0,1.0,0.4060328884851658
1.0,1.0,1.0,1.0,0.8692319059376445,-0.39862457277826524,-5.842007045264355
1.0,-0.009716446851692817,-0.05040405025540684,0.7819007238570939,0.9547560285869842,0.14006985650857948,-1.7008709233431811
0.708917623799194,0.26857777363946855,0.6076128897686985,-0.14661621671824482,-0.92525181500994,0.7562916381801639,2.7523928251529783
-0.32817122268535154,-0.6094718721770938,-0.5070700632271532,-0.8976048640121397,-0.4388146520997537,1.0,2.109156875199626
-1.0,-0.4201770144364736,-0.8313246656896689,-0.1082038618107436,-0.8355849778301738,-1.0,0.92997079461883
-0.3328131447650544,0.07711877166005154,-0.6442969993217582,1.0,-1.0,-1.0,1.172868497491668
-1.0,-1.0,-1.0,-1.0,0.8156589479268953,0.9909409151561277,-1.9827862788193662
0.3939591015359134,0.8069700580619894,1.0,1.0,-1.0,0.27481344845199884,-1.2729579200759926
-0.607346033658555,-0.7347350843597121,-0.7396850833933879,0.9638313211724782,-0.17506649776191563,-1.0,0.8705524512544722
0.005118082603497359,1.0,-0.5846161223163424,-1.0,0.2702552493952344,0.9271396451973486,6.723410166573632
-0.3778594598673745,0.17061495558882722,-0.4774464519191919,0.6089848160589989,-0.16612742754385487,0.3477983878153026,0.7277919094448837
-1.0,1.0,0.29794078292712683,-0.6689353665247448,-0.4761249877530165,-1.0,-2.076089399339731
-0.9385452560060829,-1.0,-0.15782520660535138,0.06544798823024611,-1.0,-0.15512231739981153,-1.6835129427773634
-0.7071854141155943,0.21147210724427962,-0.33101416772810277,0.30589602396797744,0.7721423263916727,-0.8879557258650272,3.2417345221174516
-0.40223631257532344,0.06805474031104286,0.49187442174949725,0.8059382617328946,-0.5245227498601561,0.5305667379766108,-1.0769072536099134
1.0,0.1668818524122283,1.0,0.46700127489428367,1.0,-0.24430013064415618,-2.6900672719939345
0.0167886980078078,1.0,1.0,0.28443962282665236,0.041315551456177546,0.6507694691395968,-3.4789875980058995
0.11106688013106972,-1.0,-0.25529552489901575,0.5412568946486682,0.4588201639895415,1.0,3.014086149281805
-0.3653811389622179,-0.9613432259890462,-0.9384929117926886,-1.0,-0.7897766251232972,0.48310803031784255,-1.0286748439993263
0.2359497971518346,-0.6520043875877743,1.0,-0.7244529652574657,-0.780760062426973,0.16391679989871233,1.4276582160935574
-0.2603039213278312,-0.29585464863834793,0.3052516159130232,-1.0,0.24966029891090488,-0.5065868848547357,2.228203766492404
0.6598523055831302,-0.10790716271381945,-0.6562878587891949,0.7438981901207139,-0.3560279940038322,-1.0,2.983022385198587
-0.23029393445214497,0.22458785451080698,-0.5765966255317835,0.7337933449726963,-1.0,-1.0,0.955868933479253
0.6184863382570488,-0.15852341983705576,1.0,-0.6848003567761873,-0.9587691588907126,-0.43485061854919277,2.649187461428753
-0.5315197958000957,-0.49638764819445275,-0.743491126605232,-0.35484371915478574,1.0,0.09404258393627052,-0.7813887921375712
-0.01759072055654165,1.0,0.35143445162118425,0.4922706743618126,-0.946846556083446,-1.0,1.556076950209166
-1.0,1.0,-1.0,-0.37324455691824276,-1.0,1.0,11.267954056721585
-0.5915153655471674,-1.0,-1.0,-0.2688316150781349,0.15553461342271035,-1.0,3.1582420375568327
-0.5670775320719257,-0.1577237440462971,0.37887319565881994,0.4807364406606338,-1.0,-1.0,0.14033405092058782
1.0,1.0,1.0,0.5451983041519957,0.20760732275565297,-0.05140397034087321,-2.7487413494228994
0.1983570180071682,-0.8557760754514543,1.0,0.03317005276936347,1.0,1.0,-1.4749432684674613
-1.0,-0.19377256148047373,0.18863994519464822,0.2969952184350855,-1.0,-0.2845589135724069,-2.664041924176362
-0.9805813221216015,0.034494965659191086,-0.7886828782081063,0.16411516905444012,-0.5099258306480461,0.8073477952286644,1.8414917748816437
-0.6715330069739083,-1.0,-1.0,-1.0,-1.0,-0.4672242503576258,1.7868418976997518
0.0054053649320282005,-1.0,-1.0,-0.6364179420667382,-1.0,0.2696178436102088,0.5732710550024523
-0.5690619059770575,-0.8035226136208578,-0.3759155397494991,-1.0,0.5963306056414466,0.17890167433040255,-1.1986005146971974
0.7548563673583352,0.36092287026034364,-0.26268782896506104,-0.7142643711282758,-0.7613840975803903,0.15173336101196777,2.8987226449924846
-0.34685429421193104,0.48299299454978356,0.31222547106514664,-1.0,0.48650556703316117,0.3834249030366092,0.6443444970009364
1.0,0.1264222473598322,1.0,0.3650643136285583,1.0,-0.4124235927657749,-3.3345228270771727
-0.6137691275588335,-1.0,-1.0,-1.0,-1.0,0.43225456832902065,0.21310702550435456
-0.6585665541486198,-0.03975486428041693,0.4112296593507999,0.7260110017144732,0.2389860169077051,-1.0,3.511821477239557
-1.0,0.3430804375234529,0.16494896179730945,-1.0,-1.0,-1.0,-0.6141316425163799
0.6805275758608809,-0.45450088496288044,1.0,0.3461009205001355,-1.0,-0.27943063278341984,4.675071443163928
-0.736261810109848,1.0,0.7566444444333147,-0.5355199621521509,1.0,1.0,3.1568716551266145
-0.6619172948901024,0.6253152642304299,-0.2595977250993245,0.2490427498668042,-0.09546850963050435,-0.2546399907895359,-0.46071873899004623
-0.07076216154670112,-0.716404733843584,-0.6920636258192823,-0.6923636962217603,0.1266924114694568,-1.0,3.30377795338997
0.5499777607562567,0.2693424563806467,-0.5921213018122706,0.29417748914429026,0.12674580850027928,0.6563831811771816,1.1672590504016713
-1.0,-1.0,-0.10183184316690297,-0.20456592962406878,1.0,-0.08788896962528403,2.896181922198378
-1.0,-1.0,-1.0,-0.636791716016911,0.020739187162020833,0.11855536480056811,-5.175051293204335
-0.2841312996923028,0.1956949493445576,-0.18526402632022318,-0.0033052624784589146,1.0,0.9874282780299164,5.71284338587248
-0.5256269981372983,0.8810056425208775,0.10891578751224462,-0.3145698365942713,0.4550905447071585,0.6625992028001471,2.636453363598092
0.15649905339603998,-1.0,0.49244712110653516,-0.4175737379703635,1.0,0.6298085737133836,0.005573815124761794
-0.8530220271169772,0.5376530693886966,0.061163727704746096,-0.6643221480754619,-0.6514442716414244,-1.0,-2.1382740975502372
0.5784465658179152,0.5337759581174104,1.0,1.0,-0.38067605179562436,-0.2344349707396411,-0.567388775832105
0.7783172683728703,-0.06262912346008143,0.09998349798260814,-1.0,-0.1609374639945787,-0.20029134757980604,0.3908824435523485
0.23804024855914369,0.24142879204871076,-0.18232945369151532,0.2540228735585521,0.4106416500968086,-0.7243064862943192,0.37196682478702925
0.6531629461402838,-0.5316480079086782,-0.22238420171165674,0.21058921494580662,-1.0,-0.45715841969525783,3.0223957930301673
-0.6089274894124488,0.39300257815972073,-0.6435442171142312,-0.32549480471365067,-1.0,-0.4381372718747931,-2.776834970776574
0.9085775746920622,-1.0,-0.3776951360791816,-0.3161679275925444,0.5872190791080686,0.30915220271510147,-2.757788941149819
0.5328472702625944,0.5130328846891268,1.0,0.6567786231664692,0.18384497878426143,-1.0,0.5734646094653697
1.0,0.42373300123272806,1.0,1.0,1.0,0.14236183053247053,-5.6041514607074365
0.8524798984618437,-0.8834872359879311,0.914307506668943,0.6028695886221289,-0.4195680362194185,-0.4563150446894364,5.871797960382684
0.6853184000158931,0.191635687203342,-0.9264002987673073,-0.049998695325443765,-1.0,0.910858365496799,7.006733012803015
1.0,-0.6486471316489584,1.0,0.31816192859465253,-0.3068702072877111,-0.17305797909269915,3.7552681590764454
-0.45827793554361096,-0.8100995456239566,-0.8611312211430411,-1.0,-0.6608592986085184,-1.0,4.060382012565097
0.6829839502006707,-0.9323371840568375,0.42569005453219344,1.0,-0.8377868561623827,0.2275455643607115,4.23799874448185
1.0,0.2111130008845188,0.8600851816543853,0.6542843319473016,-0.028959658373736097,-1.0,4.363951460624318
0.8603820996839286,0.9623010845990156,0.8871960118003432,-0.04193112162046142,1.0,0.4545890452535337,-3.7020222729038457
-0.939620606290728,-1.0,-0.3271831302044587,-1.0,0.1712126552956642,0.20716449823643146,-3.306176866677605
-0.39792207543864333,-1.0,-1.0,-0.7857913852288538,-1.0,-0.764947306904476,1.6653664811461042
0.08805416706336455,0.6444401778398929,1.0,1.0,1.0,1.0,-3.6858773562045295
-0.5591745175545133,-0.8893399228286086,-0.21367577778945201,-1.0,-0.5945054170305907,1.0,0.4486656921490003
-0.48002181333732785,-0.46591106127450355,-0.6836292003736251,-0.3183073396039111,0.9970518835485,0.4624059732614859,0.7967577206985585
-0.35952600349692654,-1.0,-0.4345010105442052,-1.0,-0.13416997902797567,0.5095886205099642,-3.0795622797783166
-0.13636430865557392,-1.0,-0.08992250785791667,-1.0,0.3984460259490499,0.8913244309639161,-0.8704449087544287
-1.0,-1.0,-0.28999024582182026,-0.9492142236172093,-1.0,-0.1771280557220316,1.1980000506597794
0.5656655583038604,-0.1461466734452882,0.6336786737145925,1.0,-0.29332732090547453,-0.976859668095488,3.7463542491744444
0.8282564731453059,0.029170109978599923,0.9229039511161485,0.4531134304132592,-0.1500178270986668,0.0016074251908703152,-0.029909367172586188
0.5369384991348509,1.0,0.13835446573050003,1.0,1.0,-0.9024438296598362,-0.49079887704674585
-0.4399374361523868,-1.0,0.7509448774233258,-0.5248336842149484,-1.0,-1.0,3.9251005287047875
0.0776641779196435,1.0,0.6422862921301177,-1.0,0.42148158775948397,1.0,2.774377389054276
1.0,0.2842238810714518,-1.0,-0.45719592564687556,-1.0,-1.0,5.022504894836962
-1.0,-0.015314405041439327,-1.0,-1.0,-1.0,-1.0,1.9372399529797768
0.8040772074751745,-0.1940220034278609,1.0,0.8049003647776338,-0.8087615954650355,0.2682680643560381,2.3392443446479767
-1.0,-0.41686966733990616,-0.876750043762329,-1.0,0.002142620135024531,-0.8022243577310886,2.5544856372557927
-1.0,-1.0,-1.0,-1.0,-0.030352177125345103,-1.0,2.6266706340157144
-0.012314844172950812,0.15955051824455085,0.10778906474311528,0.6308537415218974,0.773472905035077,0.5085722648070368,0.9704759520653022
1.0,0.9374537618952921,1.0,1.0,-1.0,0.2662499750027914,3.275465002899372
1.0,0.8597535287373166,-0.23341206982828905,-1.0,0.9184680123538791,1.0,6.015980634919924
-1.0,-1.0,-0.36320837395261774,-0.8832220338909855,0.13564258985473598,-1.0,5.156272746576036
-0.6260059027529556,-1.0,-1.0,-1.0,-1.0,0.6212077462589345,-0.38415114327766914
-0.3320909159220955,-0.9877363963854167,0.6778321798374616,1.0,-0.8033958825038359,-0.8146292200750553,2.1610822329442816
0.4347220543643304,-1.0,-1.0,-1.0,0.41549559376951944,0.9573662388285054,-3.0582540334700474
-0.538025764806201,-0.3460892901586332,-1.0,-1.0,0.16620774276655192,0.47275624404442484,0.056454999002949535
-0.9149225737880438,-0.5671523870553976,-1.0,-1.0,-1.0,-0.13887901080160603,-2.0955137532981016
0.4430505458624998,0.45340425130111495,0.7184482698154608,-0.06098838595734424,-0.14997868391821,-1.0,4.135239000332202
-0.13777103516887124,-0.8079248223683595,-1.0,-1.0,-0.928129551833865,-1.0,4.3605285991055105
-0.2002695603994481,-0.47996848857410107,0.24561244047670183,-0.5638854913933444,0.42643383269687746,1.0,0.5835883253438435
-1.0,-0.4500205262127669,-1.0,-1.0,0.18677489343416098,-1.0,5.3157642279329185
-1.0,-1.0,-0.1682846164234355,-0.40637897124083544,1.0,0.2308766496805762,1.749297046095302
0.985832852606516,1.0,0.5527686832975491,0.3151176456786139,0.4186409489320174,-0.4468359769206781,-0.9337971630835359
0.3824249999197904,-0.25294247526069913,-0.5150018286736228,0.1260469052740592,-1.0,-1.0,3.184662277518333
-1.0,-1.0,-1.0,0.763774549089691,0.39070809000133644,0.0016616390251711355,-5.782104435383585
0.14518147381426183,-0.5599685685017591,0.8344881793878152,0.5588637417247253,-0.6824292654272812,-1.0,3.4351103317534193
0.19355656394107834,0.8904242868301417,0.1177107661457113,0.5588395686168903,-0.2270075731120328,-1.0,2.5437552004765083
0.4170587588507886,1.0,0.9841454290571126,-0.7627392358577196,0.7759039891359245,0.43986312913092507,-2.9396499631338218
-1.0,-0.1656227409761845,-0.5680316168478057,0.14197502468979173,0.18577252123652965,0.39148776517708467,0.7229103095095424
-0.6822794134736817,0.40736326341012086,1.0,1.0,0.16617429644975384,-0.42032024296465914,-0.9794996813255651
0.33024322710727816,1.0,1.0,0.8614077290209329,-1.0,-0.822048650916497,2.6024550220885967
0.025063320857763194,-1.0,-0.9258067394290821,-0.6437829985762549,-0.837648121706426,-0.999211828120068,3.4732544664468588
-0.2391715257042415,-0.19797039202230393,0.2202447272877317,-0.044981707116121886,-0.54422033401888,0.2568800021862425,-0.5252839247281337
0.5062991266217706,-0.6798858188661554,-0.36112804720322433,1.0,-0.5922211099250886,0.2841825240656428,1.4729133805832366
-0.4151367789462481,-0.6402033093595547,-0.7229544578846095,0.02337674629732167,1.0,-1.0,2.5594886223958753
-0.5446595783443738,-0.659100828048357,1.0,0.07692212076306199,0.6405057875402439,-1.0,4.462037147844958
1.0,1.0,-1.0,-0.23227798928824406,-0.4018330492908708,-1.0,5.475717009824351
-0.8965539251654517,-0.06711981299800596,-0.8719316155870849,-0.9311987151146227,-0.8777705198123416,-1.0,1.6889018000680773
0.727091542735022,0.23331806987003606,-0.41210089659776794,-0.726558319305556,0.14851098761785234,-0.3038786641759301,-0.19709071704204378
-0.11769021743998587,-0.6921219403264609,-1.0,-1.0,-0.4704022642113328,-0.2653832119925248,-0.9550596254365972
1.0,-0.9959234470206184,-0.9849025766477035,1.0,0.7913707785312957,-0.22601931323080293,-5.642279926576867
1.0,-0.5617818258384433,0.12929473176809705,0.4665694500155305,-0.1790945187741254,1.0,3.314425714366364
-1.0,-0.28989209186367304,0.03561586317942657,-0.8362212129460982,1.0,0.06468730139571777,3.4093772349854676
-1.0,-0.4975761885336718,-0.3398542410434967,-0.9704906596883518,-0.13436821301294022,0.9121669658944332,-0.9293103234245065
-0.0743894060210486,-0.4118161224794362,1.0,0.04923173930636893,-1.0,0.18784752538455296,-0.21599667530245803
1.0,0.34018679740823576,0.2525351166988121,1.0,-0.010345120646886058,0.9307647387361991,1.4716257179528998
-0.539868062447278,0.7345783503123829,0.23819606207178334,-0.27308283148353285,-1.0,-0.16766507638943162,-1.1907737584042621
0.1994665492746771,-1.0,-0.8610640767555742,-0.32399473246824395,-1.0,0.08315014624737671,0.1822651671815339
0.15612625235312705,-0.14614590577503306,1.0,0.8029384456577666,1.0,0.5437967880006859,-1.647167401427533
-0.15075543119986157,-0.1060010673403603,-1.0,-1.0,-1.0,-0.19590958068209297,-0.48080891025055733
-0.049705378624306795,0.6865989329266968,0.8351401057079825,1.0,-0.16761562522795892,1.0,-2.594331803100556
-0.8395547937185281,1.0,0.6010490376053204,1.0,-0.544170583454842,-0.5249768329391742,0.07046154756005607
-0.019464256325703824,0.2463140168875244,-0.5264254607611034,-0.9211217531864363,-0.00865926523885685,-1.0,1.3854068266958712
1.0,0.2851404181463755,0.9092201002541571,-0.3317180517927603,0.6853126924847908,0.9973335227478404,-3.6795884894789745
0.4011985856292939,1.0,1.0,0.2608375895783195,0.556035831212846,-0.3124978049997189,-2.9196592258691174
-1.0,-0.49174469414965993,-0.17938558082055156,-1.0,1.0,0.0010379391174216712,3.4304519563068268
-0.6003495507625722,0.05998770266702903,-0.06940038164058482,-0.148512379633378,-1.0,-1.0,-1.9500371959404137
-1.0,-1.0,-1.0,0.004859214466432338,-0.8217338249901333,0.18859620520095155,-5.6948758524027765
-0.16120283567433735,0.463590923184836,-0.30695339265006494,-1.0,-0.6186246086791768,-1.0,0.8329651173565651
0.8289852903958422,1.0,-0.4145569429176733,-0.2899974149690496,0.45308903875109713,0.6507838060838221,2.269417936570981
-0.8507192526926143,1.0,0.0240036082114497,1.0,-1.0,-0.5715773159163398,1.9548438341526524
0.7646363364520148,-0.6263335600573937,0.1583865216049507,-0.8549442102496059,-0.7878248056383812,-0.596622414642038,6.5485845233617415
-0.9970534158636901,0.18772364693926014,0.18635211166586196,-0.8803946186845802,-1.0,-1.0,-2.1694243553501185
-0.3624410437996908,0.6987872610013247,0.9853375111088465,0.4652684842877459,0.2800721652153199,0.20036166095029564,-1.0618539312890842
0.2882160667524156,-0.18927019246169166,-0.7164151107038791,0.7729555874947363,-1.0,0.444833913383347,1.3717278759362395
-0.6739685380036116,-1.0,-0.17665760470730163,0.3435537412182406,0.9132390777199129,0.8439319485503824,2.804373465854926
-0.7829217648152185,-0.047339383943642524,-1.0,-1.0,0.40416695878542974,1.0,7.164671387566468
0.8893633865232682,1.0,0.7141754960055304,0.8310030111072602,-0.19280921504045606,0.18498738150328248,-0.9237639928503661
-0.5099025475365251,-1.0,-1.0,-1.0,-0.4834398110987173,0.7316355378389281,-2.0015501840765872
0.8584708618800045,0.992118304081676,1.0,1.0,0.5401067048174525,-0.6736618744329681,-2.9534855613887743
0.2832856672020522,1.0,0.6407723069275955,1.0,1.0,1.0,-1.5758251668523515
1.0,-0.06447988343679781,1.0,-0.1105192383287068,-1.0,-0.9432317802014077,7.696121466982424
-0.07447363206386859,0.7911784628645722,0.5146826241732649,-0.15802641217851485,-0.8708694733894708,0.3123986070750844,-0.947813135582297
-0.28711753841822235,-0.3751810620614141,0.43212632059290235,-0.6752714578665971,0.4060329180263755,0.2754238650526549,-0.6451860351776444
-0.6750835749289621,-1.0,-1.0,-1.0,-1.0,-0.13601731421532148,-0.8960124820231312
-0.5660230570160144,0.5135422750520174,-1.0,0.5985897471243515,0.5253316601014061,-0.4939845345450373,0.07303118750529691
-1.0,-0.8764651408926772,-1.0,-0.10820078091521307,-0.8280313994463744,1.0,1.9381701171405952
-0.397174048384218,1.0,0.7903957984154233,-0.9058194666411081,0.11603903867974191,-0.5382992320668657,-3.2901790939538835
-1.0,0.8190729124245331,-0.7342042013979466,-0.990763612691142,1.0,1.0,11.743477430208099
-0.08998066348049893,-0.2996381350579864,-1.0,-0.2034838490263846,1.0,-0.8566072864828704,0.5118250838926408
0.6865982116131961,0.6223119295211503,-0.8988865281616485,0.6273631716608951,1.0,1.0,2.6270722675820033
-0.9103030503921337,-0.8980673173483971,-1.0,-0.9669876196560998,1.0,0.03398920081536394,-5.798724520936571
-0.9422244326699867,-1.0,-0.8845160767436533,-0.05704077469141011,-0.9036637403853423,-0.006081343646214377,-4.747770561840596
0.6461911079516532,-0.7867167601040594,-0.5920672840560129,-0.5601473750198648,-0.9826766225923651,-0.514305171996126,4.720628419749272
-0.3177059399024469,0.3663527114186591,-1.0,0.14527569145819208,-0.7784735994157019,0.020278978178952745,-1.452983390591467
-0.024879142831067347,0.3202282080007778,1.0,0.6737248328658173,-0.5911121950740625,-1.0,2.020196710237431
-0.5586341423939651,-0.8134646058979378,-0.5058165693507685,-1.0,0.36715850848332543,-0.48362927279512485,0.7940714990906184
0.8872524159898876,0.5168180588127327,1.0,1.0,-0.2872403513400831,-0.8343435151200606,3.0079463422821417
1.0,0.4433261088137588,0.7631463775642122,1.0,-1.0,-0.7306707486544131,6.4283650818694555
0.7766767733597227,1.0,0.5054655100565736,1.0,-1.0,-0.6204311276769647,5.974029638426572
1.0,-0.2902728360108418,0.42092871142002725,1.0,0.025828824715784057,0.582694673756157,0.14478630510499427
-0.12733245865086562,-0.6482992177162333,0.12604609856953053,-0.20929428100212577,0.5043470020392437,-0.20031554544085678,0.29821245902259236
0.23944413557352018,0.9515678888732506,0.6040439241307498,1.0,0.6675955418394395,-1.0,-0.5558238708482045
-1.0,-1.0,-1.0,-1.0,1.0,0.888322364696083,-3.543234502491303
0.7027586145306994,1.0,0.8018819326616797,1.0,0.04363452598326905,1.0,-2.6363494968651104
1.0,1.0,-1.0,0.26768385658755156,1.0,0.5209678376192695,0.06269613705937357
-1.0,0.24881254606310968,-0.529879021847387,-0.8201250012068202,-0.6177895057218821,-0.7439189189212632,-0.4421516614806469
-0.38539735083748444,1.0,0.278593415500369,-0.5091461630623637,1.0,1.0,6.497237745244052
0.3636203447721986,1.0,-0.1387122157624176,0.03338181188687428,-0.38458095298463824,0.7394429484766945,4.125755034617521
-0.030074155392126434,-0.20633859735416787,0.3681919424153285,-0.6753236940421157,-0.8320549529621893,0.6095665229801683,-0.4321441635286034
-0.030948442095734108,0.11467791899766233,1.0,0.36017317989893466,1.0,0.12733817795959657,-1.291158014180916
-0.5524137024575533,1.0,0.4073344673335736,0.5852455012688851,-0.8364644090467688,-0.25153264718067725,-2.3232641296757675
-0.15275118780664926,0.3679545400718744,-0.7212172826983335,0.5976769915442255,-0.7385454998693907,-0.6920718679282452,0.27856049082097445
0.7053061942755549,0.7229978843729972,-0.8985341412853871,0.9213232142195759,-0.9235448790827536,-0.3108496826564955,3.4139881429918426
1.0,0.15955607529244964,1.0,1.0,0.07377381397551691,-1.0,2.1404396544571522
0.8881116348576996,1.0,0.4038886989356576,0.9925176834218559,0.8514753250724356,0.6944602810707189,-3.322318953527455
0.8343064549078907,0.03779256534765363,-0.09454530765769978,1.0,0.8715125235057142,1.0,1.1367205957126585
0.5759201022478253,1.0,0.7601103267609857,0.28422987617811224,-1.0,-1.0,1.779081794910351
0.17780893251185448,1.0,0.9242303600479127,0.4879466526225122,1.0,0.1412904507696855,-3.408433328734489
-0.0013018777298003936,-0.5158108620321907,0.5214944772665187,-0.20767304973939293,-0.764189996155058,-1.0,3.862371090898599
-0.5999632836395801,-0.15450548665883623,-0.38593506798095834,-0.8723737077427645,0.23555857668189506,-0.8728329652182575,2.016332033599448
-1.0,-0.5220719081531173,-0.7103836555306948,-1.0,1.0,0.13233946428991072,0.49850819080305403
-1.0,-1.0,-1.0,-0.081295264573235,0.42885525744988406,-0.6057114772114148,-1.274299578839528
0.9834400773236806,1.0,1.0,0.030351373393351033,-0.40582703316773006,0.30961730017052863,-0.8668373349692307
0.8911157946892965,0.6773065053386988,-0.1816514640506799,1.0,-1.0,-0.010513453991211286,4.400584006593131
0.29122087376402384,-0.8601947097583041,1.0,-0.7952194354989476,-0.9974422075864611,-0.12624054132791457,4.96775835881048
0.6070993847507724,0.35710454352804155,1.0,0.7399103774087445,0.10406194019513439,-0.1925787941739546,-0.8978226649117461
-0.7235326284545613,-0.21408983922439573,-1.0,-1.0,-0.8994708413524495,-0.3087746273454146,-1.0875859430378063
0.8466569161995753,0.421437286443898,0.9580675728775475,-0.22369800216030644,0.1952201377213294,-0.3007467801955934,-1.0377273334346975
-0.4247707985132251,-0.6935918370954164,0.7464853897428232,0.8701572170795943,-1.0,1.0,0.8507285513559086
-0.28103506192529504,-1.0,-0.8168056480186414,-0.09769022256004378,-0.836162940840437,0.495852281383451,-1.7784127216539924
-1.0,-0.7012346956292024,-0.004171837324113303,-1.0,1.0,1.0,3.572211356561741
-1.0,0.49654450035772996,-0.023273323758655318,-0.7416398011366203,-0.3881975648142929,0.7463964584236524,0.43566034152830246
0.6518327127651398,-0.9105103393951735,-0.6161772839258748,-0.6027372144993671,-1.0,-1.0,7.4038572271882055
0.7123961994485737,0.43672181250436515,-0.5166734135309498,-0.8262296356469335,0.25223616902445456,0.7544177058019157,2.319789439368986
0.13774930130163088,0.24309737952674287,-0.7945929198542383,0.4656259564540457,0.37273500609942845,-0.9844896681447866,1.1902059378557253
1.0,0.3993860884948358,-0.03157249317551722,0.5564211993145582,-0.48464914301910916,0.7043903157282171,2.4755527677818243
-0.5068846145067503,-0.9132183135629124,-0.31138153810524094,-1.0,-0.43500066794288195,-1.0,4.616178375470155
-1.0,-0.4658984276453939,0.943819691475189,-0.737628221921376,-0.5457151229238414,0.27959096336984834,-2.698461454233215
1.0,-0.6109276090586164,-0.5893590089470403,0.49538933368740956,-1.0,-1.0,6.818746601169443
0.7458110406431854,-1.0,-0.11060484283772584,-0.7013311546885492,-0.16082898441203583,0.4765424324346022,-0.014704642607515563
-0.13441849356616117,-0.537518700340444,1.0,0.40924680188560336,-0.13442129443700374,0.8821885309031474,-0.7409458546039869
1.0,0.8047041815853258,0.5879798802616718,0.7040115961438678,0.7653268414050378,-0.5747701667071433,-1.5495763399270968
-0.16068392931680076,-1.0,-1.0,-0.8645914772185348,1.0,0.5651462180333318,-3.7381713234635683
1.0,0.9698971844887507,1.0,0.15453167398037682,-0.38344813548564255,0.3342005478481503,-0.6481933121971303
1.0,0.4918374560133989,0.41817138904529216,1.0,1.0,1.0,-0.8158540010767116
0.22393747176186907,0.07966158159754932,-1.0,-1.0,-1.0,-0.43574304333871083,-1.0906680694456106
-0.8930591213360481,-0.04915901005035861,-1.0,-0.7279909686682509,1.0,0.9002283838544956,6.662502434215611
0.06310369435742108,-1.0,-0.25064119118390626,-0.5339446512007828,-0.9203477316819129,-0.8794578077338397,3.933085333738766
-0.6771291637779429,-1.0,-0.28500680830976965,-0.39524368457501935,0.013998317827072504,0.6811479632263321,-0.8869805298916871
0.5760932438834847,0.9087618952575365,-0.183048032747276,0.9477406223678887,0.01600092426585359,0.6058955578299999,2.075186411385018
0.5372689090533812,0.6475080930565358,0.6355067576846072,0.8151176284081127,-1.0,-0.2917308602279016,1.9074801277014135
-0.06888419920368749,-0.09334893016420331,-0.8242208655517993,0.23759716376788664,-1.0,-0.33261673249185475,-1.2622600121366345
0.048417664118243775,-0.7489250527172437,-0.21960320063392189,-0.6203602474004161,0.9762854061707913,0.7708735532593192,1.0045621731397385
1.0,0.21130659117900064,1.0,0.8819620670159668,1.0,-1.0,-4.298728103808015
-1.0,0.5769889941192355,-0.3697694272120888,-0.6468210134168216,-1.0,0.12556265113658777,-1.0560415060123345
1.0,1.0,0.40032103231461513,1.0,1.0,1.0,-2.2845333683682854
0.13570187338969142,-1.0,-1.0,-0.3632518468090642,1.0,0.48455615240942396,-2.8252303009286375
1.0,1.0,1.0,0.9619687492909383,-1.0,0.4558485464149728,2.638660313541065
-1.0,-0.603656403947383,-1.0,-0.6419781703003173,-0.3299151571617641,-0.7795850812241154,1.6097240392323
0.6415873389755822,0.4115373816246717,-0.9043195548626481,1.0,0.11187419568960122,-1.0,0.9668760701613655
0.057551360234285864,0.42808047471309474,-0.1753869597893855,0.12526779569028268,0.0869965862980453,0.08772822086708454,1.01412541823262
-1.0,-0.3947811675110564,-1.0,-0.6799926101411542,-1.0,-0.4801969935262077,-1.7617798668468903
-0.5732671567858502,-0.4850993354640888,0.0563606032399763,0.6354480102388663,-0.8558283997037515,-1.0,1.153864673695687
-1.0,0.713259345760045,0.4085827081633294,1.0,-0.7524072811526935,-1.0,2.9611465183985306
-0.3049165132257117,-0.2570577284057203,0.2419976071403025,-0.5345257048696523,1.0,1.0,3.457681015391768
-1.0,-0.844818337244427,0.7595163556764503,-0.07762933866919819,-0.13157481920201464,-0.17982817758616257,1.6911831570091485
0.25437945596084455,0.5099148150333366,1.0,0.050297221017412186,-1.0,-1.0,0.41889232057448206
0.9105408086541787,0.08143223940038916,0.04039557014211331,0.22585915952861185,0.054868585628336575,0.38032631802449923,-0.4563905485517257
0.15224535691776941,0.12499034622381688,0.4996700077436045,-0.3075957030151199,0.6671954489038994,0.056452828624538265,-0.7273577345406055
0.0066148924248359275,-0.01889072005625858,-0.15290762706675448,-1.0,-1.0,-1.0,2.7663003762671527
-0.7319625728791364,0.5370987530198337,-0.01685994374909794,-1.0,0.29390433029608254,-0.10349413286854908,0.25175371749905107
0.158146408476192,-0.4690935761871621,0.28955150062831336,0.5396147414757597,-0.029872736776521913,-1.0,2.9764966777572575
0.05140141364449802,1.0,1.0,0.9350581546823109,-0.7068748928731998,0.8624687896129806,-4.050609824711157
1.0,1.0,1.0,0.9436667491896739,0.0072878066749323955,-0.732873309364956,1.1302208847948365
0.4763683268503758,-0.5298884823140353,-0.45722030879123793,0.07429939984687195,-0.20198022124910264,0.3715539730908396,0.24951478733139623
0.5016953888290427,0.6401665085290877,-0.5120605239292907,-0.69541564659237,-1.0,-1.0,2.708520016686992
0.1205995973072746,0.6237191635989182,0.9602499307013396,-0.10550758547846362,-0.8442460475127159,-0.21356003649444633,-0.6039831662198025
-0.6002583226324564,0.13238467257530173,0.5916222390496585,1.0,1.0,0.31219618722147785,1.1148772004415837
-0.1598337735767259,0.7867402067868215,0.7910233231689271,-0.7218963681854189,-0.19373828861114933,-1.0,-1.5651300518240068
0.8111597889835456,1.0,1.0,0.3654137009832701,-0.3178750855000526,-0.9215768979399256,1.553064271488919
0.22750243223265348,-0.7468159097187503,0.5158963713440002,1.0,-0.2459309641265821,-0.569547813741538,1.1049360690964267
-0.47764831707591643,1.0,-0.9507162996086664,0.19976124505112958,-0.5900149554859382,-0.8783102800884603,3.7148505966409253
-0.6992499527524098,-0.604100840388432,0.5765165490749643,-0.04006582006636489,-1.0,-0.19425556773270114,-1.352105989017087
-0.11394395273411284,0.04045992205817556,0.7888586605994158,-0.7614810880430913,-0.5735319794481015,-0.037266404061308656,-0.9219783286905607
-0.6586768340871425,0.8904936141248699,-1.0,1.0,1.0,0.3394375480577172,-0.5732140824098324
-1.0,-1.0,-1.0,-0.3420342865723156,-1.0,-0.25923869122826787,-4.695008053905077
0.788458987411517,0.8771482678555563,0.2786232556279764,-0.417878495016735,-0.49030654387441563,-1.0,4.288367048884244
-1.0,0.2044207673547233,-0.45458363857689366,-0.15691174643690536,0.03814227493991762,1.0,4.333549100135699
1.0,-0.5117489898675749,0.8444204045805577,-0.34297654517452714,0.778276296004659,1.0,-4.425254682978341
-1.0,0.5577865112644583,-0.19130098702143217,-0.9457340814600326,0.1496965207030796,0.0001618773575682575,0.5826464032519382
-0.38665549684068967,0.13268119718084412,-0.49243716883907807,-0.8595723224729118,-0.31645074952990443,-0.9375198698584034,0.4711030362041311
1.0,1.0,0.4220501282065551,1.0,-1.0,-1.0,11.484108347074775
-0.09818391427556461,0.11254399339277144,-1.0,-0.7107821952517863,1.0,0.011647544285534162,0.45557104526642994
-1.0,-0.4312816606744925,-1.0,0.20190781211105308,0.3472438013049035,-0.626816924768902,1.595663874190794
0.5336408199305871,-0.8343042268326567,-0.7951039875638521,0.41156217574717396,-1.0,-0.10352758895453162,1.5844772172390225
0.9056683770885221,-0.7422973625170266,-0.8517738564195019,0.06815394287647086,1.0,-0.24351193032415963,-3.721029891487245
0.03467876082524657,1.0,0.9297258638169006,1.0,-0.9663480910545934,-0.9937771979241934,2.5093677799738043
0.8812888716286122,1.0,0.7858922795753263,-0.3361141913080492,1.0,0.04738563533368856,-3.306514903842152
-1.0,-0.5590211784492849,-1.0,-1.0,-0.1380905763074085,-0.27188993467961864,-2.805563339698917
-1.0,-1.0,-0.6537172447609211,0.31380574610988266,-0.7616531612222304,0.0490507889799892,-5.39568001878995
0.10259905409599246,0.9145047394123798,0.1926294486911817,1.0,-0.708573216527574,1.0,2.399764845388908
0.8622807673809962,1.0,1.0,-0.5865528333005916,0.08564649448357839,-1.0,-1.078244478092787
-0.8006453097351902,-1.0,-0.43341979755005683,-1.0,-1.0,-0.649813680640206,3.1661583420105743
-1.0,-1.0,-1.0,-0.07609731289871036,1.0,0.28547407756563614,-4.028354689712551
0.7001369479473867,0.7405798514887147,1.0,0.7323330240924948,-1.0,0.15510820279484253,1.0483142029538357
0.04683199263417592,-1.0,-0.8559443227532976,-1.0,-0.6942209601502524,1.0,3.7367084682555847
0.2554739179921056,-0.4349126061504772,-1.0,-1.0,1.0,1.0,1.4194764929060915
-0.5912666772266937,0.8197821304986366,1.0,-0.2147563466049211,-0.45396386720245996,1.0,-2.2611937808979414
1.0,0.6679910778419482,1.0,0.11549138488954597,-1.0,0.6518545784539176,2.3241498710678012
-1.0,-1.0,-1.0,-1.0,0.8519502191841118,-0.21016850930085423,-7.417206287664026
0.48118151865243497,-0.20324067076501584,-0.24610657721667883,-1.0,-0.07147205834897108,-0.33069414793959795,-0.466225254797918
-1.0,-1.0,-0.15765898258017286,-1.0,0.07913244098694185,0.40180638734877167,-2.8967014982084507
-0.45088741423693074,0.810014961414707,0.522336302126134,0.15478775383144205,-0.7648109684496736,0.28605984985899857,-1.4135161267223322
0.6963191836039522,0.14046825097558124,-0.02233608252099606,-0.16040192659722677,1.0,-0.3403129849472377,-1.3676001428956335
0.1933798621122128,0.883732092455864,1.0,0.46405061442509443,0.39074962835446325,-0.7066784162970445,-2.2901451490668787
-0.32308443128384123,-1.0,-0.298269195208657,-0.28183596526156873,-0.11541224922772925,-0.16929523959828768,-0.24181733299496966
0.12288391528533092,-0.2557774171704392,-0.772256412492714,-0.4511844514866287,0.19547289486977543,-0.7135651556730792,0.6818185855037311
-0.20542912089829463,0.536350068443985,-0.23353871279259641,0.9234889890809325,-1.0,-1.0,2.9119230045011415
0.2219697230516856,-0.611898046091695,0.014345067075118512,-1.0,1.0,0.7838039553058598,0.7651859806126843
-1.0,-1.0,-0.3137661343119723,-0.6361001227913099,0.9996275746446666,1.0,2.672408797347574
0.2932119940193637,-0.28474863391636956,0.01296967263732307,-0.782462271584311,-0.49572560340371674,-1.0,4.293421708517883
-1.0,-0.6162782272877656,1.0,-0.4454409160699543,-0.9911601003118282,-0.6050795725547911,0.7139169103503165
-0.30052792011792095,-0.8237582297816332,0.5919907056037272,-0.11835348675114166,-0.045448625822997135,-0.7310410814977908,4.434317503691658
-0.4573508626674485,-1.0,-0.46374671525625466,-1.0,0.27793612406861057,1.0,-1.5559726592835619
0.39622492114648217,0.24099930173797168,0.4914329421986354,0.5426580285508757,-0.14765758774452248,0.7657406966760911,0.8781194615453074
0.9432381563919747,0.8896322346532815,1.0,1.0,0.03141360322879644,-0.7967975630715073,0.3338811306867867
0.7515367680903126,-0.10438352174915508,0.1179379309819254,-1.0,0.2873591811141232,0.5043266991439233,-0.566764580995605
-0.031141736213732618,-0.8676560077493152,-1.0,-0.8170699797722394,1.0,0.425868380341492,-3.0491689825950834
-0.7979757299314091,0.32022563224874223,0.6654291158751717,0.32786984413195075,0.9964060928693299,0.7423553557348632,0.6444774504253734
0.08671980272999291,0.711628652078832,0.24854846243440187,0.5231151638659879,-0.9820899293196367,0.6909224264004425,0.7158763945729902
0.28879857372923945,0.4270268480823155,0.37967977416832704,0.005230066904977293,1.0,0.38313636478795615,-1.2784114840165288
-0.3502785806073898,-0.46411795575678316,-0.1870887245948598,-0.0029906946400908296,-1.0,-0.5177594765753346,0.27837265035814257
-1.0,-0.9029167412427419,-0.21771581612563973,-0.41692582783443466,-0.7875501226898717,-0.5995955141313258,0.8265466884605541
0.4357204186959509,-0.29581742787504495,0.7583145237034574,1.0,1.0,-1.0,-0.7966896523439897
0.23036313719932539,-0.2525077507282082,-1.0,-0.524107678913871,-0.41290191966881573,-0.5074348585491835,-0.28999171890766795
-1.0,-0.964129172993297,-0.9237917210667108,-1.0,-1.0,-1.0,4.05587470622369
-1.0,-0.588695334562942,-0.9683502730919351,-1.0,1.0,-0.7746424915149001,2.0750281164570126
-0.9367568447036144,-1.0,0.5961924004681236,-0.2280043052907576,-1.0,-1.0,3.310178488836772
0.14268193716479793,-0.37449093798787725,-0.8009625483693581,-1.0,0.5231854193330692,0.5740650442618886,0.01973411825267117
1.0,1.0,1.0,-0.36969409705242917,1.0,1.0,-3.5165895247675647
-1.0,-1.0,-0.07159524548816608,-1.0,-0.15196210781189967,0.01563086319629117,-1.5831555214533881
-1.0,-1.0,-1.0,-1.0,0.35756731406064246,-0.43796443523929207,-5.1389214506392715
-1.0,-0.30047412115765326,0.3361375277357219,-0.7549146516178987,-0.10290191509265967,-0.6127672312495147,1.7347871877531003
-0.37860207163216353,-0.4225957460850688,1.0,0.2410776215281094,0.3400939881926572,0.10686390726151473,-0.6322863969505153
-0.7763502851006732,-1.0,-1.0,0.04963010052755268,-1.0,-1.0,-1.128259207309948
0.4125902152470179,1.0,0.855546599187637,-0.18051017061914185,0.5485320349376746,0.1365673277614201,-2.5204906593117826
0.08283337026740001,-0.18847456414808106,-0.5025242292281885,-1.0,0.7330261355384036,-0.24635160451832916,0.5963090930302439
1.0,0.14908576492685088,0.22153755357917748,0.29466039228166807,0.44725360929851415,0.2826754667361855,-1.7025513733618074
0.5143285037493763,0.020394312812480275,0.2632311394054597,-0.33086990585873355,0.35729256368306117,0.54767680925428,0.09534400167134857
-1.0,-0.14041622841580714,0.07216278090123246,-0.021285830193846597,0.2485885871613508,-0.3319297318066633,2.0709650717248254
1.0,-0.24565246641724464,0.7928118639505379,-0.18238073328535198,0.6517626007667612,-1.0,2.108916144988336
0.7856793766759667,-0.6817162890826229,1.0,1.0,-0.37038684993728066,-0.9943861575502367,5.188875668371341
-1.0,-1.0,0.06575413347055548,-0.12721854024799656,-1.0,-1.0,1.8892440161060562
-0.5708453650481948,0.7278509593840503,0.9925639093729349,0.23804477199368637,0.010248541270922784,-0.9459532172295937,0.8254115508975993
-1.0,-0.928854642142387,-0.7396632788196169,-1.0,-0.5157602101296777,-1.0,4.272095629859218
1.0,1.0,0.2659234009952556,1.0,1.0,1.0,-0.340705264837765
-1.0,-0.3500104599470316,-1.0,-0.12650290135374587,-0.2121832098450802,-1.0,6.2418127842232005
-0.21313621169573638,0.6339307206558269,0.4068669166867246,0.6890990351140743,0.9087083413838608,1.0,3.299592001683887
0.16412764819487935,0.37038172581992534,-0.917648358189165,-0.1590030545490545,-1.0,-1.0,-0.0008409699983042973
0.03772163535962725,1.0,-0.3767199663677294,-0.2441355654883628,0.8396677956028655,1.0,7.96704792437676
-0.5491703200547049,-0.39095835615698626,-0.9763325304860482,-0.8315157862772067,-1.0,0.6904234511868498,1.896724503804124
1.0,0.5175000112093786,1.0,1.0,-0.40187524421318477,-1.0,4.962233135837187
-1.0,-1.0,-0.08644578742208542,-0.2466725830707066,-0.04109292103225254,0.5074971616894416,-1.2267238785612373
-0.5258220113633302,0.3403354359491404,-0.27146651457539583,1.0,1.0,0.8478278487988156,5.0961269710722785
1.0,0.36923582719900483,0.8078452912939464,-0.01323521872225697,-0.9425017375345555,-1.0,6.893167098529746
-0.17663325823333728,-0.8997920627694351,0.21931749473256845,1.0,-0.7529561993210205,0.3327820983284753,1.8242826764253575
-0.1651432523203813,-1.0,-0.1561473599909886,-0.36325150084314256,1.0,0.5859409127357391,0.5611183404514857
-0.18209426016884778,-0.35727610639754925,-0.03744439687891776,-0.8626290991675603,0.4664496379473133,1.0,1.5921697320012318
-0.24282930055308155,-0.30576594775984894,-1.0,-1.0,0.6245798061189058,1.0,5.859290088908026
0.667640667858541,0.33041046061716545,-0.2530545237587451,0.231925501329884,-1.0,0.038183767234686194,1.6160040326079066
0.27999099720317944,0.13967182093363828,-0.4112948943560627,-0.8387079791093486,-0.3073559122901392,-0.48855334956837493,0.10091753635440714
0.03162876075097487,1.0,0.8326385057879582,1.0,0.44466220875219997,0.09370084744101681,-4.063451211023507
-1.0,0.8832804015403651,0.23109382824867353,-1.0,-0.8616423174342088,1.0,2.2255888051755846
-1.0,-0.855956510748987,-1.0,-0.3610707113248941,-1.0,-0.42423650407654034,-3.201937167180281
1.0,-0.5775571540176684,0.20528159261553147,0.5469009973312502,0.32653630469977035,0.17003206901759382,-0.7593655774703449
0.47826842584894286,-0.08659058476633774,1.0,0.06491588243174384,1.0,1.0,-2.9405169933524906
-0.13459359006766947,-1.0,-1.0,-0.011004406600077177,1.0,1.0,3.6717590173683736
-0.7048619900686889,-0.03853814812488798,-0.3835799868518075,-0.013173668144763728,-1.0,-0.144223323839345,-1.9668488875053534
-0.12086906826088484,-0.18567026976887202,0.17475184533854518,0.8448979963916886,1.0,0.9349557970638462,4.334473714638239
0.0699745858857822,1.0,-0.4089807900012139,-0.24976439493654046,-0.11585931497868424,-0.08426608437496874,1.2900726511247504
1.0,0.09137391857778088,0.5295799701154384,1.0,1.0,0.7897034387609654,-2.2317177306241693
0.30876285828965155,1.0,0.22813845991855952,0.32366764693395167,1.0,-0.3417962220458452,-0.43617637158012423
0.4727841860958954,1.0,-0.24150495098037464,-1.0,-1.0,-1.0,5.5136904098806765
-0.14162710883200805,-0.30197353487233913,0.138935814480087,-1.0,1.0,0.3275385726211233,0.9630969400224232
-0.3873735362111492,-1.0,-0.03356442799038173,-0.9463954186899668,1.0,0.634762600415339,1.117851279187211
0.49986107928376233,1.0,1.0,0.697773026888439,-0.9188577473969486,-0.8141205614726748,1.8668251563919591
1.0,-0.6499480701864692,0.29004827944164674,0.47376536051838103,0.5586541886751782,0.7684040827616929,-1.2278283066315772
-0.040369307542472366,0.6049816592065845,0.01049093441127491,-1.0,-0.1787824460023546,0.08626830037836912,0.8886509213708638
0.21877911301756858,-1.0,-0.1375975094999572,-0.8898072921408482,0.4274757115127059,0.35686115743552194,-1.4559239045294987
1.0,1.0,0.9311602621781386,-0.19042690760879433,-0.04727692184280852,0.31375480731680416,-2.119183212516943
-1.0,-0.5467791378588815,-1.0,-0.2298542984909112,1.0,-0.05618273988803102,-2.6552809340562953
-0.4339401746629894,-0.08787886497711117,0.07739090614492973,-0.5432064274624444,0.18791588339344928,-0.23741402796733846,-0.044422239792149765
0.7672537002702086,-0.5914186059643433,0.3793657365090159,0.3251573087630114,0.08334774141833513,0.5996673946291302,-0.38327450514609723
-0.7998286872727162,0.3065768613211024,-0.5359397968095764,1.0,0.8229211061892799,-0.970496501701859,3.632931054122989
0.22404512723076153,0.27238208959358845,-0.14317682260647235,-0.051906848008783354,1.0,1.0,3.2861305798653486
-0.6679929631403435,-0.9201819605120949,-0.9363563642592883,-0.4278438253545491,0.2652382165883889,-0.45267777132730613,-1.5451023388178544
0.83905961994921,0.3733088286005861,1.0,1.0,0.859249261285538,0.4012875354103175,-4.943623383157814
-0.5570503911222915,-1.0,-0.02579976750611654,-0.9610788348510806,1.0,0.8243605260530555,0.89397956215054
-1.0,-0.4989446750181523,-0.5944525208855556,-1.0,-0.34983511393397104,-0.7824658507276776,2.0705192553690948
0.5894998257365979,-0.08741089090081455,-0.24381732823407243,-0.3716488704273889,0.2989082095598001,0.05239752867807601,-1.010843018717455
0.3305538383790581,0.5191455675899797,-0.5988030090464688,-1.0,-1.0,-0.5242143656164926,1.6145246640271305
-1.0,-0.9298082573324973,-0.3291379594512761,-1.0,0.10157840379526628,0.20602585586377095,-2.766761675261352
-1.0,-0.2296721155969106,-1.0,-0.01535230597699877,0.7022717418340935,1.0,8.68074806461985
0.7815768120692178,0.9247820977768111,1.0,0.5692916122416736,0.9820344411916904,1.0,-6.413267771415721
1.0,0.8720161890785493,1.0,1.0,-0.039807298285841335,1.0,-5.118722357953422
-0.7781426856197154,-0.7664323268896184,0.4565294816354569,-0.19401671198976567,0.12057915163138327,1.0,-0.2324528029105023
-1.0,-0.40926309011526985,-1.0,-1.0,1.0,1.0,5.913430031225808
-0.6946784677189941,-0.897920708364053,-0.8605114150245239,-0.24975387307413177,0.32988915451719314,-0.06683261538986865,-2.2699248029462593
-1.0,-1.0,-0.6395386606028912,-0.2731370426243479,-1.0,0.4138768732255317,-2.9640350399942905
1.0,1.0,0.5716587585541215,0.19799991748710455,-1.0,-1.0,6.185071343809256
-0.408496457484931,-0.6676542398987731,-0.08211646828801533,-0.23432611051687047,0.2654562344744946,0.21551727155120576,-0.23177066833242196
-0.22720977649049862,-0.8198981255812099,1.0,-0.10802852188298952,0.3834766690066618,1.0,-0.17951961979178588
0.83627752213513,0.33157973890671727,-0.3437438686921517,0.07342129987044368,-0.7654161119086826,-0.2618835416213158,2.296839448125592
1.0,1.0,1.0,1.0,1.0,0.4416798131493773,-10.04767337935264
-0.4833445513381549,-1.0,-0.8645044357068317,0.24543947894477625,-0.16118527427502993,-1.0,1.410733219364279
0.3646786789121576,0.6738230217570598,0.4715321877741199,0.19543158780853953,-0.10641388096555104,-0.2913493609079021,0.725040340088759
-0.7588975252256412,0.32270275701138806,-0.7802152887578284,-1.0,0.5223942849023298,1.0,7.290548256315698
-0.4396854631258196,-0.178820288024783,0.4499485307622535,0.1342418081355276,1.0,1.0,2.626908666256253
0.9128972900780417,0.7344843679007143,0.4735746041434402,0.29437444928795475,-1.0,-0.5542974137949089,3.705466820177495
0.49271675785913177,-0.1997188815901269,0.9214613756752611,1.0,-0.8159032126690989,-0.09816321597811484,0.9140640831437509
-0.10711933580344524,1.0,0.5557821720374195,1.0,0.8874250764701648,0.08681854092142072,-2.7305096098890065
-0.7313426484773781,-0.9972427842794902,1.0,-1.0,-0.5950214762326695,-0.13765683083068775,1.5908170869318745
1.0,1.0,0.6497546544864954,1.0,-0.6039513733096509,-0.33033410955089726,2.9683478261940506
-0.8547184407153188,0.2711022218726835,-0.7113419157334082,-1.0,0.9585282990750521,0.8892496491684763,7.287618309695545
-1.0,-0.07937979428553188,-0.2007718042376364,-0.6094126462411297,0.6339272652660327,-0.45009440829887826,3.1163460320045573
1.0,0.2624956431767689,0.149203848059567,0.5077687078414408,0.2612489333500802,1.0,1.8947673453517804
0.2260166243705664,-0.29593502407961203,-0.7850031205944838,0.9418086932853735,-0.347435330700142,-1.0,1.9892872217495723
-1.0,-0.3968083138300537,0.4163898377637085,-0.23808218872923043,0.006100091396721741,1.0,0.1234140066472148
0.8367236231637458,0.35441020833389447,-0.024062882009118547,0.21772486187674778,0.03139553846644086,-0.27201772287740456,-0.07280075765708993
-0.3416734981380316,-0.3990212535833302,-0.8627433106411352,-0.7043886914033322,1.0,-0.26111870233815504,-0.0324985180844459
-0.28993320199640255,-1.0,-0.6448748261273677,-0.9994755508373367,0.8397028111284427,1.0,0.26038510487865363
-1.0,-0.5011761967825893,-0.006540381084594871,-1.0,-0.6367430211293292,0.9956890005612901,-1.5487900297930808
1.0,0.14162865265729618,0.5902716989639566,0.10503862786426332,-0.1352280237979795,0.14311392547089508,-0.4810547602089677
-0.13206629272770054,-0.7074972340289636,-0.871436600002476,0.14508448244876748,-0.5823451158891746,-0.9082996749768636,1.008563648290862
0.373200862395936,0.3338035074492001,1.0,1.0,1.0,1.0,-2.2747579214264553
0.7165429623397659,0.5985658586421085,1.0,0.5898478503494067,-0.13637655636680268,0.043111980815667916,-1.3396909133714243
-1.0,-1.0,-1.0,-0.8734366449449562,-0.34166761283168945,0.1409315128232962,-5.029313196116465
0.5985343159287687,-1.0,-1.0,-1.0,-0.17656501945538616,0.5156079420787758,-1.5256222134272075
0.8018664048363313,-1.0,-0.6886149078415896,1.0,-1.0,0.2990524431243634,4.548252800506885
1.0,0.5893792091256935,0.02888390357438364,1.0,0.27607048356719677,1.0,2.0322431660145983
-0.8995596842127381,-0.845475122118002,0.35169950442964454,0.042843604575215744,-0.22406732120232353,-1.0,4.240754150547951
-1.0,-1.0,-0.0243114333026484,-1.0,1.0,-1.0,8.43362660017195
0.8493576721069116,1.0,0.276630286058003,0.44425373476522534,0.5288919683304456,-0.5087783757117136,-0.640751118623517
1.0,-0.3243976019293271,-1.0,-0.9805027077442344,0.18394553746634468,-1.0,1.9097143959861245
-0.6052171035804657,-1.0,0.9255609926374758,-1.0,0.1753391155834656,1.0,-4.304349599116848
-0.6780743480333691,-0.4338616389278283,-0.7712111164752573,-0.8240562673437555,-0.9268141303238944,-0.645215571398204,-0.6428663271968632
0.9466842783625828,0.8683941477681302,0.026745135522749375,1.0,-0.3356148242323395,0.19579706536968292,1.9464181079117377
-1.0,-0.8210414342962387,-1.0,-1.0,1.0,-0.26158308966336435,-2.755155962440581
-0.5871097416625832,-1.0,-1.0,-0.45934243080051784,1.0,1.0,2.6980093227783883
-0.25508261631892737,-0.03140366942947137,-1.0,-0.29547891776317836,0.5650809661575117,0.7498979415730227,3.6929139123972474
-1.0,-0.2861721555075929,-0.6223449922398812,-0.034501946280363516,0.5838036149064558,-0.512127990760511,2.3789921008969492
0.19039397003451008,1.0,0.7439072071838639,1.0,-1.0,0.15532136149643322,-1.0234418895038238
-1.0,-0.8716571529249633,-0.5045844171827183,-0.05523043216086432,-0.02391450016797836,0.6936231808614447,-1.6122131103357655
1.0,0.63237002271388,0.36884079347563903,1.0,1.0,0.4751690754997715,-3.7766779244796314
-0.9442252085094913,-0.5368672687290676,-0.1197207268090239,0.12746220742821923,-0.09420896352951535,-1.0,2.4802479794683734
-0.46066523500444934,0.8842086720402452,1.0,0.5326185620603099,1.0,0.0797074748440787,-1.920984365603229
-1.0,-0.4554366271471274,-0.04571919762795401,-0.9515470194440874,0.5494464820189457,0.7064046999867513,0.8415626357379836
0.7444573287287288,-1.0,-0.7206740956274917,-1.0,-1.0,-0.19839878943964773,8.159124618366777
-0.937573557295893,1.0,-0.3143924833063381,0.35585440396093637,0.5635385066540508,0.3510683813907234,1.531667655186941
0.36014883367090733,0.9930153809001954,0.16855067584707117,0.26637075685996203,-0.30016187147124196,-0.5093497278634664,0.653954373067215
1.0,0.5736110463268109,0.5121389701085384,0.5409360971365342,0.2550596807195913,1.0,-0.4358743445010732
0.4600812175555713,-0.8483594846558424,-0.1736777202054436,0.4139400184197497,0.8146516550423581,0.1684426031853249,-0.9750333254831938
-0.3134940251278514,-1.0,-1.0,-0.9104675080815083,-1.0,0.7937209659557135,2.8480114683791715
0.1958887049287923,0.585502391556552,-0.45130840115337656,1.0,1.0,0.7347906990634039,1.6622660938593574
0.8970681273936505,1.0,1.0,1.0,-0.6704631425679024,0.1469758862922025,0.35845919350584465
-0.7268355716198086,-0.6089882335923514,-0.022616787716324305,0.4765648886888746,0.0422695732075547,-0.153348762847886,0.10436670048311245
0.6478681666329594,1.0,1.0,1.0,0.09864952028845586,-0.5312886639355497,-1.7521332296388372
-1.0,-1.0,-0.13675659813108554,-0.1436195021274087,-1.0,-0.3804663751318953,-1.0785693924938313
0.034474862311568044,0.8498043559037971,1.0,0.7485849123326664,-0.013835408515653791,-0.7105794683832045,-0.5588571425244933
